Workbook
Name BoiDatas: OFFSET(Séries!$K$7,30-MAX(1,MIN(30,Informativo!$J$9)),0,MAX(1,MIN(30,Informativo!$J$9)),1)
Name BoiPrecos: OFFSET(Séries!$J$7,30-MAX(1,MIN(30,Informativo!$J$9)),0,MAX(1,MIN(30,Informativo!$J$9)),1)
Name DolarDatas: OFFSET(Séries!$O$7,30-MAX(1,MIN(30,Informativo!$J$10)),0,MAX(1,MIN(30,Informativo!$J$10)),1)
Name DolarPrecos: OFFSET(Séries!$N$7,30-MAX(1,MIN(30,Informativo!$J$10)),0,MAX(1,MIN(30,Informativo!$J$10)),1)
Name MilhoDatas: OFFSET(Séries!$G$7,30-MAX(1,MIN(30,Informativo!$J$8)),0,MAX(1,MIN(30,Informativo!$J$8)),1)
Name MilhoPrecos: OFFSET(Séries!$F$7,30-MAX(1,MIN(30,Informativo!$J$8)),0,MAX(1,MIN(30,Informativo!$J$8)),1)
Name SojaDatas: OFFSET(Séries!$C$7,30-MAX(1,MIN(30,Informativo!$J$7)),0,MAX(1,MIN(30,Informativo!$J$7)),1)
Name SojaPrecos: OFFSET(Séries!$B$7,30-MAX(1,MIN(30,Informativo!$J$7)),0,MAX(1,MIN(30,Informativo!$J$7)),1)

Sheet Informativo
A1: Informativo diário do agro
A2: Últimas cotações lançadas. Preços em reais; data da cotação indicada por produto.
A4: Preencher histórico | C4: Fontes e instruções | E4: CEPEA soja | G4: CEPEA milho | H4: CEPEA boi | I4: BCB dólar
A6: Produto | B6: Referência / unidade | C6: Data atual | D6: Preço atual | E6: Data anterior | F6: Preço anterior | G6: Variação R$ | H6: Variação % | I6: Desde o início | J6: Registros
A7: Soja | B7: Paranaguá / PR R$/sc 60 kg | C7: =IF(J7=0,"",_xlfn.MAXIFS(Histórico!$A$8:$A$1007,Histórico!$B$8:$B$1007,">0")) -> 46323 | D7: =IF(C7="","",INDEX(Histórico!$B$8:$B$1007,MATCH(C7,Histórico!$A$8:$A$1007,0))) -> 157.42 | E7: =IF(J7<2,"",_xlfn.MAXIFS(Histórico!$A$8:$A$1007,Histórico!$A$8:$A$1007,"<"&C7,Histórico!$B$8:$B$1007,">0")) -> 46322 | F7: =IF(OR(E7="",E7=0),"",INDEX(Histórico!$B$8:$B$1007,MATCH(E7,Histórico!$A$8:$A$1007,0))) -> 157.41 | G7: =IF(F7="","",D7-F7) -> 0.01 | H7: =IF(F7="","",D7/F7-1) -> 6.3528365e-05 | I7: =IF(J7<2,"",D7/INDEX(Histórico!$B$8:$B$1007,MATCH(_xlfn.MINIFS(Histórico!$A$8:$A$1007,Histórico!$A$8:$A$1007,">0",Histórico!$B$8:$B$1007,">0"),Histórico!$A$8:$A$1007,0))-1) -> -0.028391557 | J7: =COUNTIFS(Histórico!$A$8:$A$1007,">0",Histórico!$B$8:$B$1007,">0") -> 29
A8: Milho | B8: Campinas / SP R$/sc 60 kg | C8: =IF(J8=0,"",_xlfn.MAXIFS(Histórico!$A$8:$A$1007,Histórico!$C$8:$C$1007,">0")) -> 46323 | D8: =IF(C8="","",INDEX(Histórico!$C$8:$C$1007,MATCH(C8,Histórico!$A$8:$A$1007,0))) -> 64.73 | E8: =IF(J8<2,"",_xlfn.MAXIFS(Histórico!$A$8:$A$1007,Histórico!$A$8:$A$1007,"<"&C8,Histórico!$C$8:$C$1007,">0")) -> 46322 | F8: =IF(OR(E8="",E8=0),"",INDEX(Histórico!$C$8:$C$1007,MATCH(E8,Histórico!$A$8:$A$1007,0))) -> 64.87 | G8: =IF(F8="","",D8-F8) -> -0.14 | H8: =IF(F8="","",D8/F8-1) -> -0.0021581625 | I8: =IF(J8<2,"",D8/INDEX(Histórico!$C$8:$C$1007,MATCH(_xlfn.MINIFS(Histórico!$A$8:$A$1007,Histórico!$A$8:$A$1007,">0",Histórico!$C$8:$C$1007,">0"),Histórico!$A$8:$A$1007,0))-1) -> -0.065270758 | J8: =COUNTIFS(Histórico!$A$8:$A$1007,">0",Histórico!$C$8:$C$1007,">0") -> 29
A9: Boi gordo | B9: São Paulo R$/@ 15 kg | C9: =IF(J9=0,"",_xlfn.MAXIFS(Histórico!$A$8:$A$1007,Histórico!$D$8:$D$1007,">0")) -> 46323 | D9: =IF(C9="","",INDEX(Histórico!$D$8:$D$1007,MATCH(C9,Histórico!$A$8:$A$1007,0))) -> 389.05 | E9: =IF(J9<2,"",_xlfn.MAXIFS(Histórico!$A$8:$A$1007,Histórico!$A$8:$A$1007,"<"&C9,Histórico!$D$8:$D$1007,">0")) -> 46322 | F9: =IF(OR(E9="",E9=0),"",INDEX(Histórico!$D$8:$D$1007,MATCH(E9,Histórico!$A$8:$A$1007,0))) -> 386.3 | G9: =IF(F9="","",D9-F9) -> 2.75 | H9: =IF(F9="","",D9/F9-1) -> 0.0071188196 | I9: =IF(J9<2,"",D9/INDEX(Histórico!$D$8:$D$1007,MATCH(_xlfn.MINIFS(Histórico!$A$8:$A$1007,Histórico!$A$8:$A$1007,">0",Histórico!$D$8:$D$1007,">0"),Histórico!$A$8:$A$1007,0))-1) -> 0.10353141 | J9: =COUNTIFS(Histórico!$A$8:$A$1007,">0",Histórico!$D$8:$D$1007,">0") -> 29
A10: Dólar PTAX | B10: BCB / venda R$/US$ | C10: =IF(J10=0,"",_xlfn.MAXIFS(Histórico!$A$8:$A$1007,Histórico!$E$8:$E$1007,">0")) -> 46324 | D10: =IF(C10="","",INDEX(Histórico!$E$8:$E$1007,MATCH(C10,Histórico!$A$8:$A$1007,0))) -> 5.3744 | E10: =IF(J10<2,"",_xlfn.MAXIFS(Histórico!$A$8:$A$1007,Histórico!$A$8:$A$1007,"<"&C10,Histórico!$E$8:$E$1007,">0")) -> 46323 | F10: =IF(OR(E10="",E10=0),"",INDEX(Histórico!$E$8:$E$1007,MATCH(E10,Histórico!$A$8:$A$1007,0))) -> 5.342 | G10: =IF(F10="","",D10-F10) -> 0.0324 | H10: =IF(F10="","",D10/F10-1) -> 0.0060651441 | I10: =IF(J10<2,"",D10/INDEX(Histórico!$E$8:$E$1007,MATCH(_xlfn.MINIFS(Histórico!$A$8:$A$1007,Histórico!$A$8:$A$1007,">0",Histórico!$E$8:$E$1007,">0"),Histórico!$A$8:$A$1007,0))-1) -> 0.043147454 | J10: =COUNTIFS(Histórico!$A$8:$A$1007,">0",Histórico!$E$8:$E$1007,">0") -> 30
A12: Variação = preço atual ÷ cotação anterior disponível − 1. “Desde o início” usa a primeira cotação de cada série.
A13: Células amarelas no Histórico: preenchimento manual. Fórmulas e gráficos se atualizam ao lançar novos valores.
A14: =IF(COUNTIF(Histórico!$K$8:$K$1007,"?*")>0,"Revise as linhas sinalizadas na coluna Conferência do Histórico.","Gráficos: até 30 cotações válidas por produto, em ordem de data.") -> Gráficos: até 30 cotações válidas por produto, em ordem de data.
A50: Histórico inicial: 17 a 25/09/2026. Fontes: CEPEA/ESALQ e BCB, reproduzidos por Notícias Agrícolas.
A51: Consulta inicial em 28/09/2026. Atualização dos preços é manual. PTAX é a taxa de referência de venda do BCB.
A52: Dias sem preço são omitidos dos gráficos; a linha conecta as observações disponíveis. Todas as fontes estão na aba Fontes e guia.

Sheet Histórico
A1: Histórico de cotações
A2: Preencha uma linha por data, da mais antiga à mais recente. Use a data publicada na fonte.
A3: Edite as células amarelas (A:E e J). Deixe em branco os produtos sem cotação no dia. Não digite zero, R$ ou traços.
A4: Soja / CEPEA | C4: Milho / CEPEA | E4: Boi / CEPEA | G4: Dólar / BCB | J4: Fontes e guia
A5: Preparado para 1.000 datas, até a linha 1007. Complete a mesma linha quando surgir outra cotação daquela data.
A6: Variações em % calculadas sobre a cotação anterior disponível de cada produto. Valores iniciais: fontes S1 a S4.
A7: Data da cotação | B7: Soja R$/sc 60 kg | C7: Milho R$/sc 60 kg | D7: Boi gordo R$/@ 15 kg | E7: Dólar PTAX R$/US$ venda | F7: Soja variação % | G7: Milho variação % | H7: Boi gordo variação % | I7: Dólar variação % | J7: Observações / fonte | K7: Conferência
A8: 46282 | B8: 162.02 | C8: 69.25 | D8: 352.55 | E8: 5.1521 | F8: ="" | G8: ="" | H8: ="" | I8: ="" | J8: Fontes S1–S4; consulta 28/09/2026 | K8: =IF(COUNTA(A8:E8)=0,"",IF(A8="","Preencha a data",IF(NOT(ISNUMBER(A8)),"Data inválida",IF(OR(A8<36526,A8>73050,A8<>INT(A8)),"Data inválida",IF(FALSE,"Data repetida / fora de ordem",IF(COUNTA(B8:E8)<>COUNT(B8:E8),"Use preços numéricos",IF(OR(AND(ISNUMBER(B8),B8<=0),AND(ISNUMBER(C8),C8<=0),AND(ISNUMBER(D8),D8<=0),AND(ISNUMBER(E8),E8<=0)),"Use preços positivos","")))))))
A9: 46283 | B9: 161.89 | C9: 69.29 | D9: 352.9 | E9: 5.1575 | F9: =IF(OR($A9="",B9="",B9<=0,Séries!Q8=""),"",B9/Séries!Q8-1) -> -0.00080237008 | G9: =IF(OR($A9="",C9="",C9<=0,Séries!R8=""),"",C9/Séries!R8-1) -> 0.00057761733 | H9: =IF(OR($A9="",D9="",D9<=0,Séries!S8=""),"",D9/Séries!S8-1) -> 0.00099276698 | I9: =IF(OR($A9="",E9="",E9<=0,Séries!T8=""),"",E9/Séries!T8-1) -> 0.0010481163 | J9: Fontes S1–S4; consulta 28/09/2026 | K9: =IF(COUNTA(A9:E9)=0,"",IF(A9="","Preencha a data",IF(NOT(ISNUMBER(A9)),"Data inválida",IF(OR(A9<36526,A9>73050,A9<>INT(A9)),"Data inválida",IF(A9<=Séries!U8,"Data repetida / fora de ordem",IF(COUNTA(B9:E9)<>COUNT(B9:E9),"Use preços numéricos",IF(OR(AND(ISNUMBER(B9),B9<=0),AND(ISNUMBER(C9),C9<=0),AND(ISNUMBER(D9),D9<=0),AND(ISNUMBER(E9),E9<=0)),"Use preços positivos","")))))))
A10: 46286 | B10: 161.52 | C10: 69.62 | D10: 354.65 | E10: 5.1117 | F10: =IF(OR($A10="",B10="",B10<=0,Séries!Q9=""),"",B10/Séries!Q9-1) -> -0.0022855025 | G10: =IF(OR($A10="",C10="",C10<=0,Séries!R9=""),"",C10/Séries!R9-1) -> 0.004762592 | H10: =IF(OR($A10="",D10="",D10<=0,Séries!S9=""),"",D10/Séries!S9-1) -> 0.0049589119 | I10: =IF(OR($A10="",E10="",E10<=0,Séries!T9=""),"",E10/Séries!T9-1) -> -0.0088802714 | J10: Fontes S1–S4; consulta 28/09/2026 | K10: =IF(COUNTA(A10:E10)=0,"",IF(A10="","Preencha a data",IF(NOT(ISNUMBER(A10)),"Data inválida",IF(OR(A10<36526,A10>73050,A10<>INT(A10)),"Data inválida",IF(A10<=Séries!U9,"Data repetida / fora de ordem",IF(COUNTA(B10:E10)<>COUNT(B10:E10),"Use preços numéricos",IF(OR(AND(ISNUMBER(B10),B10<=0),AND(ISNUMBER(C10),C10<=0),AND(ISNUMBER(D10),D10<=0),AND(ISNUMBER(E10),E10<=0)),"Use preços positivos","")))))))
A11: 46287 | B11: 161.93 | C11: 69.74 | D11: 356.1 | E11: 5.1161 | F11: =IF(OR($A11="",B11="",B11<=0,Séries!Q10=""),"",B11/Séries!Q10-1) -> 0.0025383853 | G11: =IF(OR($A11="",C11="",C11<=0,Séries!R10=""),"",C11/Séries!R10-1) -> 0.0017236426 | H11: =IF(OR($A11="",D11="",D11<=0,Séries!S10=""),"",D11/Séries!S10-1) -> 0.004088538 | I11: =IF(OR($A11="",E11="",E11<=0,Séries!T10=""),"",E11/Séries!T10-1) -> 0.00086077039 | J11: Fontes S1–S4; consulta 28/09/2026 | K11: =IF(COUNTA(A11:E11)=0,"",IF(A11="","Preencha a data",IF(NOT(ISNUMBER(A11)),"Data inválida",IF(OR(A11<36526,A11>73050,A11<>INT(A11)),"Data inválida",IF(A11<=Séries!U10,"Data repetida / fora de ordem",IF(COUNTA(B11:E11)<>COUNT(B11:E11),"Use preços numéricos",IF(OR(AND(ISNUMBER(B11),B11<=0),AND(ISNUMBER(C11),C11<=0),AND(ISNUMBER(D11),D11<=0),AND(ISNUMBER(E11),E11<=0)),"Use preços positivos","")))))))
A12: 46288 | B12: 161.65 | C12: 69.82 | D12: 357.4 | E12: 5.1414 | F12: =IF(OR($A12="",B12="",B12<=0,Séries!Q11=""),"",B12/Séries!Q11-1) -> -0.0017291422 | G12: =IF(OR($A12="",C12="",C12<=0,Séries!R11=""),"",C12/Séries!R11-1) -> 0.0011471179 | H12: =IF(OR($A12="",D12="",D12<=0,Séries!S11=""),"",D12/Séries!S11-1) -> 0.0036506599 | I12: =IF(OR($A12="",E12="",E12<=0,Séries!T11=""),"",E12/Séries!T11-1) -> 0.0049451731 | J12: Fontes S1–S4; consulta 28/09/2026 | K12: =IF(COUNTA(A12:E12)=0,"",IF(A12="","Preencha a data",IF(NOT(ISNUMBER(A12)),"Data inválida",IF(OR(A12<36526,A12>73050,A12<>INT(A12)),"Data inválida",IF(A12<=Séries!U11,"Data repetida / fora de ordem",IF(COUNTA(B12:E12)<>COUNT(B12:E12),"Use preços numéricos",IF(OR(AND(ISNUMBER(B12),B12<=0),AND(ISNUMBER(C12),C12<=0),AND(ISNUMBER(D12),D12<=0),AND(ISNUMBER(E12),E12<=0)),"Use preços positivos","")))))))
A13: 46289 | B13: 161.84 | C13: 69.81 | D13: 358.2 | E13: 5.1795 | F13: =IF(OR($A13="",B13="",B13<=0,Séries!Q12=""),"",B13/Séries!Q12-1) -> 0.0011753789 | G13: =IF(OR($A13="",C13="",C13<=0,Séries!R12=""),"",C13/Séries!R12-1) -> -0.00014322544 | H13: =IF(OR($A13="",D13="",D13<=0,Séries!S12=""),"",D13/Séries!S12-1) -> 0.0022383884 | I13: =IF(OR($A13="",E13="",E13<=0,Séries!T12=""),"",E13/Séries!T12-1) -> 0.007410433 | J13: Fontes S1–S4; consulta 28/09/2026 | K13: =IF(COUNTA(A13:E13)=0,"",IF(A13="","Preencha a data",IF(NOT(ISNUMBER(A13)),"Data inválida",IF(OR(A13<36526,A13>73050,A13<>INT(A13)),"Data inválida",IF(A13<=Séries!U12,"Data repetida / fora de ordem",IF(COUNTA(B13:E13)<>COUNT(B13:E13),"Use preços numéricos",IF(OR(AND(ISNUMBER(B13),B13<=0),AND(ISNUMBER(C13),C13<=0),AND(ISNUMBER(D13),D13<=0),AND(ISNUMBER(E13),E13<=0)),"Use preços positivos","")))))))
A14: 46290 | B14: 161 | C14: 69.65 | D14: 358.8 | E14: 5.1991 | F14: =IF(OR($A14="",B14="",B14<=0,Séries!Q13=""),"",B14/Séries!Q13-1) -> -0.0051903114 | G14: =IF(OR($A14="",C14="",C14<=0,Séries!R13=""),"",C14/Séries!R13-1) -> -0.0022919353 | H14: =IF(OR($A14="",D14="",D14<=0,Séries!S13=""),"",D14/Séries!S13-1) -> 0.0016750419 | I14: =IF(OR($A14="",E14="",E14<=0,Séries!T13=""),"",E14/Séries!T13-1) -> 0.003784149 | J14: Fontes S1–S4; consulta 28/09/2026 | K14: =IF(COUNTA(A14:E14)=0,"",IF(A14="","Preencha a data",IF(NOT(ISNUMBER(A14)),"Data inválida",IF(OR(A14<36526,A14>73050,A14<>INT(A14)),"Data inválida",IF(A14<=Séries!U13,"Data repetida / fora de ordem",IF(COUNTA(B14:E14)<>COUNT(B14:E14),"Use preços numéricos",IF(OR(AND(ISNUMBER(B14),B14<=0),AND(ISNUMBER(C14),C14<=0),AND(ISNUMBER(D14),D14<=0),AND(ISNUMBER(E14),E14<=0)),"Use preços positivos","")))))))
A15: 46293 | B15: 160.43 | C15: 69.48 | D15: 359.95 | E15: 5.2132 | F15: =IF(OR($A15="",B15="",B15<=0,Séries!Q14=""),"",B15/Séries!Q14-1) -> -0.0035403727 | G15: =IF(OR($A15="",C15="",C15<=0,Séries!R14=""),"",C15/Séries!R14-1) -> -0.0024407753 | H15: =IF(OR($A15="",D15="",D15<=0,Séries!S14=""),"",D15/Séries!S14-1) -> 0.0032051282 | I15: =IF(OR($A15="",E15="",E15<=0,Séries!T14=""),"",E15/Séries!T14-1) -> 0.0027120078 | J15: CEPEA/ESALQ via Notícias Agrícolas (S1–S3); PTAX venda BCB/Olinda (S4); corrigido: dólar era 5.22; consulta 28/10/2026 | K15: =IF(COUNTA(A15:E15)=0,"",IF(A15="","Preencha a data",IF(NOT(ISNUMBER(A15)),"Data inválida",IF(OR(A15<36526,A15>73050,A15<>INT(A15)),"Data inválida",IF(A15<=Séries!U14,"Data repetida / fora de ordem",IF(COUNTA(B15:E15)<>COUNT(B15:E15),"Use preços numéricos",IF(OR(AND(ISNUMBER(B15),B15<=0),AND(ISNUMBER(C15),C15<=0),AND(ISNUMBER(D15),D15<=0),AND(ISNUMBER(E15),E15<=0)),"Use preços positivos","")))))))
A16: 46294 | B16: 161.27 | C16: 69.2 | D16: 363.05 | E16: 5.2204 | F16: =IF(OR($A16="",B16="",B16<=0,Séries!Q15=""),"",B16/Séries!Q15-1) -> 0.0052359284 | G16: =IF(OR($A16="",C16="",C16<=0,Séries!R15=""),"",C16/Séries!R15-1) -> -0.0040299367 | H16: =IF(OR($A16="",D16="",D16<=0,Séries!S15=""),"",D16/Séries!S15-1) -> 0.0086123073 | I16: =IF(OR($A16="",E16="",E16<=0,Séries!T15=""),"",E16/Séries!T15-1) -> 0.0013811095 | J16: CEPEA/ESALQ via Notícias Agrícolas (S1–S3); PTAX venda BCB/Olinda (S4); corrigido: dólar era 5.2166; consulta 28/10/2026 | K16: =IF(COUNTA(A16:E16)=0,"",IF(A16="","Preencha a data",IF(NOT(ISNUMBER(A16)),"Data inválida",IF(OR(A16<36526,A16>73050,A16<>INT(A16)),"Data inválida",IF(A16<=Séries!U15,"Data repetida / fora de ordem",IF(COUNTA(B16:E16)<>COUNT(B16:E16),"Use preços numéricos",IF(OR(AND(ISNUMBER(B16),B16<=0),AND(ISNUMBER(C16),C16<=0),AND(ISNUMBER(D16),D16<=0),AND(ISNUMBER(E16),E16<=0)),"Use preços positivos","")))))))
A17: 46295 | B17: 161.56 | C17: 68.67 | D17: 364.3 | E17: 5.1809 | F17: =IF(OR($A17="",B17="",B17<=0,Séries!Q16=""),"",B17/Séries!Q16-1) -> 0.0017982266 | G17: =IF(OR($A17="",C17="",C17<=0,Séries!R16=""),"",C17/Séries!R16-1) -> -0.0076589595 | H17: =IF(OR($A17="",D17="",D17<=0,Séries!S16=""),"",D17/Séries!S16-1) -> 0.0034430519 | I17: =IF(OR($A17="",E17="",E17<=0,Séries!T16=""),"",E17/Séries!T16-1) -> -0.00756647 | J17: CEPEA/ESALQ via Notícias Agrícolas (S1–S3); PTAX venda BCB/Olinda (S4); corrigido: dólar era 5.1743; consulta 28/10/2026 | K17: =IF(COUNTA(A17:E17)=0,"",IF(A17="","Preencha a data",IF(NOT(ISNUMBER(A17)),"Data inválida",IF(OR(A17<36526,A17>73050,A17<>INT(A17)),"Data inválida",IF(A17<=Séries!U16,"Data repetida / fora de ordem",IF(COUNTA(B17:E17)<>COUNT(B17:E17),"Use preços numéricos",IF(OR(AND(ISNUMBER(B17),B17<=0),AND(ISNUMBER(C17),C17<=0),AND(ISNUMBER(D17),D17<=0),AND(ISNUMBER(E17),E17<=0)),"Use preços positivos","")))))))
A18: 46296 | B18: 160.9 | C18: 68.58 | D18: 366.5 | E18: 5.2079 | F18: =IF(OR($A18="",B18="",B18<=0,Séries!Q17=""),"",B18/Séries!Q17-1) -> -0.0040851696 | G18: =IF(OR($A18="",C18="",C18<=0,Séries!R17=""),"",C18/Séries!R17-1) -> -0.001310616 | H18: =IF(OR($A18="",D18="",D18<=0,Séries!S17=""),"",D18/Séries!S17-1) -> 0.0060389789 | I18: =IF(OR($A18="",E18="",E18<=0,Séries!T17=""),"",E18/Séries!T17-1) -> 0.0052114497 | J18: CEPEA/ESALQ via Notícias Agrícolas (S1–S3); PTAX venda BCB/Olinda (S4); corrigido: dólar era 5.2073; consulta 28/10/2026 | K18: =IF(COUNTA(A18:E18)=0,"",IF(A18="","Preencha a data",IF(NOT(ISNUMBER(A18)),"Data inválida",IF(OR(A18<36526,A18>73050,A18<>INT(A18)),"Data inválida",IF(A18<=Séries!U17,"Data repetida / fora de ordem",IF(COUNTA(B18:E18)<>COUNT(B18:E18),"Use preços numéricos",IF(OR(AND(ISNUMBER(B18),B18<=0),AND(ISNUMBER(C18),C18<=0),AND(ISNUMBER(D18),D18<=0),AND(ISNUMBER(E18),E18<=0)),"Use preços positivos","")))))))
A19: 46297 | B19: 159.94 | C19: 68.53 | D19: 369.9 | E19: 5.2238 | F19: =IF(OR($A19="",B19="",B19<=0,Séries!Q18=""),"",B19/Séries!Q18-1) -> -0.0059664388 | G19: =IF(OR($A19="",C19="",C19<=0,Séries!R18=""),"",C19/Séries!R18-1) -> -0.00072907553 | H19: =IF(OR($A19="",D19="",D19<=0,Séries!S18=""),"",D19/Séries!S18-1) -> 0.0092769441 | I19: =IF(OR($A19="",E19="",E19<=0,Séries!T18=""),"",E19/Séries!T18-1) -> 0.003053054 | J19: CEPEA/ESALQ via Notícias Agrícolas (S1–S3); PTAX venda BCB/Olinda (S4); corrigido: dólar era 5.2232; consulta 28/10/2026 | K19: =IF(COUNTA(A19:E19)=0,"",IF(A19="","Preencha a data",IF(NOT(ISNUMBER(A19)),"Data inválida",IF(OR(A19<36526,A19>73050,A19<>INT(A19)),"Data inválida",IF(A19<=Séries!U18,"Data repetida / fora de ordem",IF(COUNTA(B19:E19)<>COUNT(B19:E19),"Use preços numéricos",IF(OR(AND(ISNUMBER(B19),B19<=0),AND(ISNUMBER(C19),C19<=0),AND(ISNUMBER(D19),D19<=0),AND(ISNUMBER(E19),E19<=0)),"Use preços positivos","")))))))
A20: 46300 | B20: 158.09 | C20: 67.26 | D20: 372.95 | E20: 4.9859 | F20: =IF(OR($A20="",B20="",B20<=0,Séries!Q19=""),"",B20/Séries!Q19-1) -> -0.011566838 | G20: =IF(OR($A20="",C20="",C20<=0,Séries!R19=""),"",C20/Séries!R19-1) -> -0.01853203 | H20: =IF(OR($A20="",D20="",D20<=0,Séries!S19=""),"",D20/Séries!S19-1) -> 0.0082454717 | I20: =IF(OR($A20="",E20="",E20<=0,Séries!T19=""),"",E20/Séries!T19-1) -> -0.04554156 | J20: CEPEA/ESALQ via Notícias Agrícolas (S1–S3); PTAX venda BCB/Olinda (S4); corrigido: dólar era 4.9853; consulta 28/10/2026 | K20: =IF(COUNTA(A20:E20)=0,"",IF(A20="","Preencha a data",IF(NOT(ISNUMBER(A20)),"Data inválida",IF(OR(A20<36526,A20>73050,A20<>INT(A20)),"Data inválida",IF(A20<=Séries!U19,"Data repetida / fora de ordem",IF(COUNTA(B20:E20)<>COUNT(B20:E20),"Use preços numéricos",IF(OR(AND(ISNUMBER(B20),B20<=0),AND(ISNUMBER(C20),C20<=0),AND(ISNUMBER(D20),D20<=0),AND(ISNUMBER(E20),E20<=0)),"Use preços positivos","")))))))
... A36: 46323 | B36: 157.42 | C36: 64.73 | D36: 389.05 | E36: 5.342 | F36: =IF(OR($A36="",B36="",B36<=0,Séries!Q35=""),"",B36/Séries!Q35-1) -> 6.3528365e-05 | G36: =IF(OR($A36="",C36="",C36<=0,Séries!R35=""),"",C36/Séries!R35-1) -> -0.0021581625 | H36: =IF(OR($A36="",D36="",D36<=0,Séries!S35=""),"",D36/Séries!S35-1) -> 0.0071188196 | I36: =IF(OR($A36="",E36="",E36<=0,Séries!T35=""),"",E36/Séries!T35-1) -> 0.0013871705 | J36: CEPEA/ESALQ via Notícias Agrícolas (S1–S3); PTAX venda BCB/Olinda (S4); consulta 28/10/2026 | K36: =IF(COUNTA(A36:E36)=0,"",IF(A36="","Preencha a data",IF(NOT(ISNUMBER(A36)),"Data inválida",IF(OR(A36<36526,A36>73050,A36<>INT(A36)),"Data inválida",IF(A36<=Séries!U35,"Data repetida / fora de ordem",IF(COUNTA(B36:E36)<>COUNT(B36:E36),"Use preços numéricos",IF(OR(AND(ISNUMBER(B36),B36<=0),AND(ISNUMBER(C36),C36<=0),AND(ISNUMBER(D36),D36<=0),AND(ISNUMBER(E36),E36<=0)),"Use preços positivos","")))))))
A37: 46324 | E37: 5.3744 | F37: =IF(OR($A37="",B37="",B37<=0,Séries!Q36=""),"",B37/Séries!Q36-1) | G37: =IF(OR($A37="",C37="",C37<=0,Séries!R36=""),"",C37/Séries!R36-1) | H37: =IF(OR($A37="",D37="",D37<=0,Séries!S36=""),"",D37/Séries!S36-1) | I37: =IF(OR($A37="",E37="",E37<=0,Séries!T36=""),"",E37/Séries!T36-1) -> 0.0060651441 | J37: PTAX venda BCB/Olinda (S4); pendente: soja, milho, boi; consulta 29/10/2026 | K37: =IF(COUNTA(A37:E37)=0,"",IF(A37="","Preencha a data",IF(NOT(ISNUMBER(A37)),"Data inválida",IF(OR(A37<36526,A37>73050,A37<>INT(A37)),"Data inválida",IF(A37<=Séries!U36,"Data repetida / fora de ordem",IF(COUNTA(B37:E37)<>COUNT(B37:E37),"Use preços numéricos",IF(OR(AND(ISNUMBER(B37),B37<=0),AND(ISNUMBER(C37),C37<=0),AND(ISNUMBER(D37),D37<=0),AND(ISNUMBER(E37),E37<=0)),"Use preços positivos","")))))))
F38: =IF(OR($A38="",B38="",B38<=0,Séries!Q37=""),"",B38/Séries!Q37-1) | G38: =IF(OR($A38="",C38="",C38<=0,Séries!R37=""),"",C38/Séries!R37-1) | H38: =IF(OR($A38="",D38="",D38<=0,Séries!S37=""),"",D38/Séries!S37-1) | I38: =IF(OR($A38="",E38="",E38<=0,Séries!T37=""),"",E38/Séries!T37-1) | K38: =IF(COUNTA(A38:E38)=0,"",IF(A38="","Preencha a data",IF(NOT(ISNUMBER(A38)),"Data inválida",IF(OR(A38<36526,A38>73050,A38<>INT(A38)),"Data inválida",IF(A38<=Séries!U37,"Data repetida / fora de ordem",IF(COUNTA(B38:E38)<>COUNT(B38:E38),"Use preços numéricos",IF(OR(AND(ISNUMBER(B38),B38<=0),AND(ISNUMBER(C38),C38<=0),AND(ISNUMBER(D38),D38<=0),AND(ISNUMBER(E38),E38<=0)),"Use preços positivos","")))))))
F39: =IF(OR($A39="",B39="",B39<=0,Séries!Q38=""),"",B39/Séries!Q38-1) | G39: =IF(OR($A39="",C39="",C39<=0,Séries!R38=""),"",C39/Séries!R38-1) | H39: =IF(OR($A39="",D39="",D39<=0,Séries!S38=""),"",D39/Séries!S38-1) | I39: =IF(OR($A39="",E39="",E39<=0,Séries!T38=""),"",E39/Séries!T38-1) | K39: =IF(COUNTA(A39:E39)=0,"",IF(A39="","Preencha a data",IF(NOT(ISNUMBER(A39)),"Data inválida",IF(OR(A39<36526,A39>73050,A39<>INT(A39)),"Data inválida",IF(A39<=Séries!U38,"Data repetida / fora de ordem",IF(COUNTA(B39:E39)<>COUNT(B39:E39),"Use preços numéricos",IF(OR(AND(ISNUMBER(B39),B39<=0),AND(ISNUMBER(C39),C39<=0),AND(ISNUMBER(D39),D39<=0),AND(ISNUMBER(E39),E39<=0)),"Use preços positivos","")))))))
F40: =IF(OR($A40="",B40="",B40<=0,Séries!Q39=""),"",B40/Séries!Q39-1) | G40: =IF(OR($A40="",C40="",C40<=0,Séries!R39=""),"",C40/Séries!R39-1) | H40: =IF(OR($A40="",D40="",D40<=0,Séries!S39=""),"",D40/Séries!S39-1) | I40: =IF(OR($A40="",E40="",E40<=0,Séries!T39=""),"",E40/Séries!T39-1) | K40: =IF(COUNTA(A40:E40)=0,"",IF(A40="","Preencha a data",IF(NOT(ISNUMBER(A40)),"Data inválida",IF(OR(A40<36526,A40>73050,A40<>INT(A40)),"Data inválida",IF(A40<=Séries!U39,"Data repetida / fora de ordem",IF(COUNTA(B40:E40)<>COUNT(B40:E40),"Use preços numéricos",IF(OR(AND(ISNUMBER(B40),B40<=0),AND(ISNUMBER(C40),C40<=0),AND(ISNUMBER(D40),D40<=0),AND(ISNUMBER(E40),E40<=0)),"Use preços positivos","")))))))
F41: =IF(OR($A41="",B41="",B41<=0,Séries!Q40=""),"",B41/Séries!Q40-1) | G41: =IF(OR($A41="",C41="",C41<=0,Séries!R40=""),"",C41/Séries!R40-1) | H41: =IF(OR($A41="",D41="",D41<=0,Séries!S40=""),"",D41/Séries!S40-1) | I41: =IF(OR($A41="",E41="",E41<=0,Séries!T40=""),"",E41/Séries!T40-1) | K41: =IF(COUNTA(A41:E41)=0,"",IF(A41="","Preencha a data",IF(NOT(ISNUMBER(A41)),"Data inválida",IF(OR(A41<36526,A41>73050,A41<>INT(A41)),"Data inválida",IF(A41<=Séries!U40,"Data repetida / fora de ordem",IF(COUNTA(B41:E41)<>COUNT(B41:E41),"Use preços numéricos",IF(OR(AND(ISNUMBER(B41),B41<=0),AND(ISNUMBER(C41),C41<=0),AND(ISNUMBER(D41),D41<=0),AND(ISNUMBER(E41),E41<=0)),"Use preços positivos","")))))))
F42: =IF(OR($A42="",B42="",B42<=0,Séries!Q41=""),"",B42/Séries!Q41-1) | G42: =IF(OR($A42="",C42="",C42<=0,Séries!R41=""),"",C42/Séries!R41-1) | H42: =IF(OR($A42="",D42="",D42<=0,Séries!S41=""),"",D42/Séries!S41-1) | I42: =IF(OR($A42="",E42="",E42<=0,Séries!T41=""),"",E42/Séries!T41-1) | K42: =IF(COUNTA(A42:E42)=0,"",IF(A42="","Preencha a data",IF(NOT(ISNUMBER(A42)),"Data inválida",IF(OR(A42<36526,A42>73050,A42<>INT(A42)),"Data inválida",IF(A42<=Séries!U41,"Data repetida / fora de ordem",IF(COUNTA(B42:E42)<>COUNT(B42:E42),"Use preços numéricos",IF(OR(AND(ISNUMBER(B42),B42<=0),AND(ISNUMBER(C42),C42<=0),AND(ISNUMBER(D42),D42<=0),AND(ISNUMBER(E42),E42<=0)),"Use preços positivos","")))))))
F43: =IF(OR($A43="",B43="",B43<=0,Séries!Q42=""),"",B43/Séries!Q42-1) | G43: =IF(OR($A43="",C43="",C43<=0,Séries!R42=""),"",C43/Séries!R42-1) | H43: =IF(OR($A43="",D43="",D43<=0,Séries!S42=""),"",D43/Séries!S42-1) | I43: =IF(OR($A43="",E43="",E43<=0,Séries!T42=""),"",E43/Séries!T42-1) | K43: =IF(COUNTA(A43:E43)=0,"",IF(A43="","Preencha a data",IF(NOT(ISNUMBER(A43)),"Data inválida",IF(OR(A43<36526,A43>73050,A43<>INT(A43)),"Data inválida",IF(A43<=Séries!U42,"Data repetida / fora de ordem",IF(COUNTA(B43:E43)<>COUNT(B43:E43),"Use preços numéricos",IF(OR(AND(ISNUMBER(B43),B43<=0),AND(ISNUMBER(C43),C43<=0),AND(ISNUMBER(D43),D43<=0),AND(ISNUMBER(E43),E43<=0)),"Use preços positivos","")))))))
F44: =IF(OR($A44="",B44="",B44<=0,Séries!Q43=""),"",B44/Séries!Q43-1) | G44: =IF(OR($A44="",C44="",C44<=0,Séries!R43=""),"",C44/Séries!R43-1) | H44: =IF(OR($A44="",D44="",D44<=0,Séries!S43=""),"",D44/Séries!S43-1) | I44: =IF(OR($A44="",E44="",E44<=0,Séries!T43=""),"",E44/Séries!T43-1) | K44: =IF(COUNTA(A44:E44)=0,"",IF(A44="","Preencha a data",IF(NOT(ISNUMBER(A44)),"Data inválida",IF(OR(A44<36526,A44>73050,A44<>INT(A44)),"Data inválida",IF(A44<=Séries!U43,"Data repetida / fora de ordem",IF(COUNTA(B44:E44)<>COUNT(B44:E44),"Use preços numéricos",IF(OR(AND(ISNUMBER(B44),B44<=0),AND(ISNUMBER(C44),C44<=0),AND(ISNUMBER(D44),D44<=0),AND(ISNUMBER(E44),E44<=0)),"Use preços positivos","")))))))
F45: =IF(OR($A45="",B45="",B45<=0,Séries!Q44=""),"",B45/Séries!Q44-1) | G45: =IF(OR($A45="",C45="",C45<=0,Séries!R44=""),"",C45/Séries!R44-1) | H45: =IF(OR($A45="",D45="",D45<=0,Séries!S44=""),"",D45/Séries!S44-1) | I45: =IF(OR($A45="",E45="",E45<=0,Séries!T44=""),"",E45/Séries!T44-1) | K45: =IF(COUNTA(A45:E45)=0,"",IF(A45="","Preencha a data",IF(NOT(ISNUMBER(A45)),"Data inválida",IF(OR(A45<36526,A45>73050,A45<>INT(A45)),"Data inválida",IF(A45<=Séries!U44,"Data repetida / fora de ordem",IF(COUNTA(B45:E45)<>COUNT(B45:E45),"Use preços numéricos",IF(OR(AND(ISNUMBER(B45),B45<=0),AND(ISNUMBER(C45),C45<=0),AND(ISNUMBER(D45),D45<=0),AND(ISNUMBER(E45),E45<=0)),"Use preços positivos","")))))))
F46: =IF(OR($A46="",B46="",B46<=0,Séries!Q45=""),"",B46/Séries!Q45-1) | G46: =IF(OR($A46="",C46="",C46<=0,Séries!R45=""),"",C46/Séries!R45-1) | H46: =IF(OR($A46="",D46="",D46<=0,Séries!S45=""),"",D46/Séries!S45-1) | I46: =IF(OR($A46="",E46="",E46<=0,Séries!T45=""),"",E46/Séries!T45-1) | K46: =IF(COUNTA(A46:E46)=0,"",IF(A46="","Preencha a data",IF(NOT(ISNUMBER(A46)),"Data inválida",IF(OR(A46<36526,A46>73050,A46<>INT(A46)),"Data inválida",IF(A46<=Séries!U45,"Data repetida / fora de ordem",IF(COUNTA(B46:E46)<>COUNT(B46:E46),"Use preços numéricos",IF(OR(AND(ISNUMBER(B46),B46<=0),AND(ISNUMBER(C46),C46<=0),AND(ISNUMBER(D46),D46<=0),AND(ISNUMBER(E46),E46<=0)),"Use preços positivos","")))))))
F47: =IF(OR($A47="",B47="",B47<=0,Séries!Q46=""),"",B47/Séries!Q46-1) | G47: =IF(OR($A47="",C47="",C47<=0,Séries!R46=""),"",C47/Séries!R46-1) | H47: =IF(OR($A47="",D47="",D47<=0,Séries!S46=""),"",D47/Séries!S46-1) | I47: =IF(OR($A47="",E47="",E47<=0,Séries!T46=""),"",E47/Séries!T46-1) | K47: =IF(COUNTA(A47:E47)=0,"",IF(A47="","Preencha a data",IF(NOT(ISNUMBER(A47)),"Data inválida",IF(OR(A47<36526,A47>73050,A47<>INT(A47)),"Data inválida",IF(A47<=Séries!U46,"Data repetida / fora de ordem",IF(COUNTA(B47:E47)<>COUNT(B47:E47),"Use preços numéricos",IF(OR(AND(ISNUMBER(B47),B47<=0),AND(ISNUMBER(C47),C47<=0),AND(ISNUMBER(D47),D47<=0),AND(ISNUMBER(E47),E47<=0)),"Use preços positivos","")))))))
F48: =IF(OR($A48="",B48="",B48<=0,Séries!Q47=""),"",B48/Séries!Q47-1) | G48: =IF(OR($A48="",C48="",C48<=0,Séries!R47=""),"",C48/Séries!R47-1) | H48: =IF(OR($A48="",D48="",D48<=0,Séries!S47=""),"",D48/Séries!S47-1) | I48: =IF(OR($A48="",E48="",E48<=0,Séries!T47=""),"",E48/Séries!T47-1) | K48: =IF(COUNTA(A48:E48)=0,"",IF(A48="","Preencha a data",IF(NOT(ISNUMBER(A48)),"Data inválida",IF(OR(A48<36526,A48>73050,A48<>INT(A48)),"Data inválida",IF(A48<=Séries!U47,"Data repetida / fora de ordem",IF(COUNTA(B48:E48)<>COUNT(B48:E48),"Use preços numéricos",IF(OR(AND(ISNUMBER(B48),B48<=0),AND(ISNUMBER(C48),C48<=0),AND(ISNUMBER(D48),D48<=0),AND(ISNUMBER(E48),E48<=0)),"Use preços positivos","")))))))
F49: =IF(OR($A49="",B49="",B49<=0,Séries!Q48=""),"",B49/Séries!Q48-1) | G49: =IF(OR($A49="",C49="",C49<=0,Séries!R48=""),"",C49/Séries!R48-1) | H49: =IF(OR($A49="",D49="",D49<=0,Séries!S48=""),"",D49/Séries!S48-1) | I49: =IF(OR($A49="",E49="",E49<=0,Séries!T48=""),"",E49/Séries!T48-1) | K49: =IF(COUNTA(A49:E49)=0,"",IF(A49="","Preencha a data",IF(NOT(ISNUMBER(A49)),"Data inválida",IF(OR(A49<36526,A49>73050,A49<>INT(A49)),"Data inválida",IF(A49<=Séries!U48,"Data repetida / fora de ordem",IF(COUNTA(B49:E49)<>COUNT(B49:E49),"Use preços numéricos",IF(OR(AND(ISNUMBER(B49),B49<=0),AND(ISNUMBER(C49),C49<=0),AND(ISNUMBER(D49),D49<=0),AND(ISNUMBER(E49),E49<=0)),"Use preços positivos","")))))))
... F1007: =IF(OR($A1007="",B1007="",B1007<=0,Séries!Q1006=""),"",B1007/Séries!Q1006-1) | G1007: =IF(OR($A1007="",C1007="",C1007<=0,Séries!R1006=""),"",C1007/Séries!R1006-1) | H1007: =IF(OR($A1007="",D1007="",D1007<=0,Séries!S1006=""),"",D1007/Séries!S1006-1) | I1007: =IF(OR($A1007="",E1007="",E1007<=0,Séries!T1006=""),"",E1007/Séries!T1006-1) | K1007: =IF(COUNTA(A1007:E1007)=0,"",IF(A1007="","Preencha a data",IF(NOT(ISNUMBER(A1007)),"Data inválida",IF(OR(A1007<36526,A1007>73050,A1007<>INT(A1007)),"Data inválida",IF(A1007<=Séries!U1006,"Data repetida / fora de ordem",IF(COUNTA(B1007:E1007)<>COUNT(B1007:E1007),"Use preços numéricos",IF(OR(AND(ISNUMBER(B1007),B1007<=0),AND(ISNUMBER(C1007),C1007<=0),AND(ISNUMBER(D1007),D1007<=0),AND(ISNUMBER(E1007),E1007<=0)),"Use preços positivos","")))))))

Sheet Fontes e guia
A1: Fontes de cotação e guia
A2: Links de pesquisa diária e origem das cotações preenchidas. Consulta inicial em 28/09/2026.
A4: Fonte | B4: Produto | C4: Praça / referência | D4: Unidade | E4: Modalidade | F4: Dados iniciais
A5: S1 | B5: Soja | C5: Paranaguá / PR | D5: R$/sc 60 kg | E5: À vista | F5: 17 a 25/09/2026
A6: Oficial | B6: https://cepea.org.br/br/indicador/soja.aspx
A7: Histórico | B7: https://www.noticiasagricolas.com.br/cotacoes/soja/soja-indicador-cepea-esalq-porto-paranagua
A9: S2 | B9: Milho | C9: Campinas / SP | D9: R$/sc 60 kg | E9: À vista | F9: 17 a 25/09/2026
A10: Oficial | B10: https://cepea.org.br/br/indicador/milho.aspx
A11: Histórico | B11: https://www.noticiasagricolas.com.br/cotacoes/milho/indicador-cepea-esalq-milho
A13: S3 | B13: Boi gordo | C13: São Paulo | D13: R$/@ 15 kg | E13: À vista | F13: 17 a 25/09/2026
A14: Oficial | B14: https://cepea.org.br/br/indicador/boi-gordo.aspx
A15: Histórico | B15: https://www.noticiasagricolas.com.br/cotacoes/boi-gordo/boi-gordo-indicador-esalq-bmf
A17: S4 | B17: Dólar PTAX | C17: BCB / venda | D17: R$/US$ | E17: PTAX venda | F17: 17 a 25/09/2026
A18: Oficial | B18: https://ptax.bcb.gov.br/ptax_internet/consultarUltimaCotacaoDolar.do
A19: Histórico | B19: https://www.noticiasagricolas.com.br/cotacoes/mercado-financeiro/cambio-ptax
A22: Outras consultas
A23: Notícias Agrícolas | C23: https://www.noticiasagricolas.com.br/cotacoes/
A24: Agrolink | C24: https://www.agrolink.com.br/cotacoes/
A25: PTAX por período | C25: https://ptax.bcb.gov.br/ptax_internet/consultaBoletim.do?method=consultarBoletim
A28: Como atualizar
A30: 1. Abra um dos links fixos no topo do Histórico e confirme a data, a praça, a unidade e a modalidade da cotação.
A31: 2. Na aba Histórico, use a próxima linha amarela. Digite a data e os preços nas colunas A:E. Use J para observações ou fonte.
A32: 3. Registre uma única linha por data, em ordem crescente. Para completar um produto, volte à linha da data correspondente.
A33: 4. Sem cotação no dia, deixe a célula vazia. O informativo compara cada produto com seu preço anterior disponível.
A34: 5. Veja o resumo e os gráficos na aba Informativo. Verde indica alta e vermelho indica queda; as variações também têm sinal.
A35: 6. Para usar sua própria praça, apague primeiro os preços iniciais e ajuste as referências. Mantenha a mesma série ao longo do tempo.
A36: 7. Não apague as fórmulas em F:I e K do Histórico nem nas demais abas. Há espaço para 1.000 datas (linhas 8 a 1007).
A37: 8. Os preços são preenchidos manualmente. Salve o arquivo após atualizar. Use Excel 2019 ou mais recente, com cálculo automático.
A40: Soja: indicador do porto de Paranaguá, saca de 60 kg. Milho: indicador de Campinas, saca de 60 kg, à vista e sem ICMS.
A41: Boi gordo: indicador de São Paulo, preço à vista por arroba de 15 kg, sem Funrural. Dólar: PTAX de venda, reais por US$ 1.
A42: S1–S3: indicadores CEPEA/ESALQ reproduzidos pelo Notícias Agrícolas. S4: Banco Central via Notícias Agrícolas; 25/09 confirmado no BCB.
A43: Os sete dias iniciais são cotações pesquisadas. As diferenças são calculadas com os preços disponíveis e podem variar por arredondamento.

Sheet Séries
A1: Séries dos gráficos
A2: Consulta automática das últimas 30 cotações de cada produto. Edite os preços somente na aba Histórico.
A3: Espaços no início indicam que ainda há menos de 30 observações. Produtos podem ter datas diferentes.
A5: Soja (R$/sc 60 kg) | E5: Milho (R$/sc 60 kg) | I5: Boi gordo (R$/@ 15 kg) | M5: Dólar PTAX (R$/US$)
A6: Data | B6: Preço | C6: Data no gráfico | E6: Data | F6: Preço | G6: Data no gráfico | I6: Data | J6: Preço | K6: Data no gráfico | M6: Data | N6: Preço | O6: Data no gráfico | Q6: Última soja válida | R6: Último milho válido | S6: Último boi válido | T6: Último dólar válido | U6: Última data válida
B7: =IF(A7="","",INDEX(Histórico!$B$8:$B$1007,MATCH(A7,Histórico!$A$8:$A$1007,0))) | C7: =IF(A7="","",TEXT(A7,"dd/mm")) | E7: =IF(OR(E8="",COUNTIFS(Histórico!$A$8:$A$1007,"<"&E8,Histórico!$A$8:$A$1007,">0",Histórico!$C$8:$C$1007,">0")=0),"",_xlfn.MAXIFS(Histórico!$A$8:$A$1007,Histórico!$A$8:$A$1007,"<"&E8,Histórico!$C$8:$C$1007,">0")) | F7: =IF(E7="","",INDEX(Histórico!$C$8:$C$1007,MATCH(E7,Histórico!$A$8:$A$1007,0))) | G7: =IF(E7="","",TEXT(E7,"dd/mm")) | I7: =IF(OR(I8="",COUNTIFS(Histórico!$A$8:$A$1007,"<"&I8,Histórico!$A$8:$A$1007,">0",Histórico!$D$8:$D$1007,">0")=0),"",_xlfn.MAXIFS(Histórico!$A$8:$A$1007,Histórico!$A$8:$A$1007,"<"&I8,Histórico!$D$8:$D$1007,">0")) | J7: =IF(I7="","",INDEX(Histórico!$D$8:$D$1007,MATCH(I7,Histórico!$A$8:$A$1007,0))) | K7: =IF(I7="","",TEXT(I7,"dd/mm")) | M7: =IF(OR(M8="",COUNTIFS(Histórico!$A$8:$A$1007,"<"&M8,Histórico!$A$8:$A$1007,">0",Histórico!$E$8:$E$1007,">0")=0),"",_xlfn.MAXIFS(Histórico!$A$8:$A$1007,Histórico!$A$8:$A$1007,"<"&M8,Histórico!$E$8:$E$1007,">0")) -> 46282 | N7: =IF(M7="","",INDEX(Histórico!$E$8:$E$1007,MATCH(M7,Histórico!$A$8:$A$1007,0))) -> 5.1521 | O7: =IF(M7="","",TEXT(M7,"dd/mm")) -> 17/09
A8: =IF(OR(A9="",COUNTIFS(Histórico!$A$8:$A$1007,"<"&A9,Histórico!$A$8:$A$1007,">0",Histórico!$B$8:$B$1007,">0")=0),"",_xlfn.MAXIFS(Histórico!$A$8:$A$1007,Histórico!$A$8:$A$1007,"<"&A9,Histórico!$B$8:$B$1007,">0")) -> 46282 | B8: =IF(A8="","",INDEX(Histórico!$B$8:$B$1007,MATCH(A8,Histórico!$A$8:$A$1007,0))) -> 162.02 | C8: =IF(A8="","",TEXT(A8,"dd/mm")) -> 17/09 | E8: =IF(OR(E9="",COUNTIFS(Histórico!$A$8:$A$1007,"<"&E9,Histórico!$A$8:$A$1007,">0",Histórico!$C$8:$C$1007,">0")=0),"",_xlfn.MAXIFS(Histórico!$A$8:$A$1007,Histórico!$A$8:$A$1007,"<"&E9,Histórico!$C$8:$C$1007,">0")) -> 46282 | F8: =IF(E8="","",INDEX(Histórico!$C$8:$C$1007,MATCH(E8,Histórico!$A$8:$A$1007,0))) -> 69.25 | G8: =IF(E8="","",TEXT(E8,"dd/mm")) -> 17/09 | I8: =IF(OR(I9="",COUNTIFS(Histórico!$A$8:$A$1007,"<"&I9,Histórico!$A$8:$A$1007,">0",Histórico!$D$8:$D$1007,">0")=0),"",_xlfn.MAXIFS(Histórico!$A$8:$A$1007,Histórico!$A$8:$A$1007,"<"&I9,Histórico!$D$8:$D$1007,">0")) -> 46282 | J8: =IF(I8="","",INDEX(Histórico!$D$8:$D$1007,MATCH(I8,Histórico!$A$8:$A$1007,0))) -> 352.55 | K8: =IF(I8="","",TEXT(I8,"dd/mm")) -> 17/09 | M8: =IF(OR(M9="",COUNTIFS(Histórico!$A$8:$A$1007,"<"&M9,Histórico!$A$8:$A$1007,">0",Histórico!$E$8:$E$1007,">0")=0),"",_xlfn.MAXIFS(Histórico!$A$8:$A$1007,Histórico!$A$8:$A$1007,"<"&M9,Histórico!$E$8:$E$1007,">0")) -> 46283 | N8: =IF(M8="","",INDEX(Histórico!$E$8:$E$1007,MATCH(M8,Histórico!$A$8:$A$1007,0))) -> 5.1575 | O8: =IF(M8="","",TEXT(M8,"dd/mm")) -> 18/09 | Q8: =IF(AND(ISNUMBER(Histórico!$A8),ISNUMBER(Histórico!B8),Histórico!B8>0),Histórico!B8,"") -> 162.02 | R8: =IF(AND(ISNUMBER(Histórico!$A8),ISNUMBER(Histórico!C8),Histórico!C8>0),Histórico!C8,"") -> 69.25 | S8: =IF(AND(ISNUMBER(Histórico!$A8),ISNUMBER(Histórico!D8),Histórico!D8>0),Histórico!D8,"") -> 352.55 | T8: =IF(AND(ISNUMBER(Histórico!$A8),ISNUMBER(Histórico!E8),Histórico!E8>0),Histórico!E8,"") -> 5.1521 | U8: =IF(ISNUMBER(Histórico!A8),Histórico!A8,0) -> 46282
A9: =IF(OR(A10="",COUNTIFS(Histórico!$A$8:$A$1007,"<"&A10,Histórico!$A$8:$A$1007,">0",Histórico!$B$8:$B$1007,">0")=0),"",_xlfn.MAXIFS(Histórico!$A$8:$A$1007,Histórico!$A$8:$A$1007,"<"&A10,Histórico!$B$8:$B$1007,">0")) -> 46283 | B9: =IF(A9="","",INDEX(Histórico!$B$8:$B$1007,MATCH(A9,Histórico!$A$8:$A$1007,0))) -> 161.89 | C9: =IF(A9="","",TEXT(A9,"dd/mm")) -> 18/09 | E9: =IF(OR(E10="",COUNTIFS(Histórico!$A$8:$A$1007,"<"&E10,Histórico!$A$8:$A$1007,">0",Histórico!$C$8:$C$1007,">0")=0),"",_xlfn.MAXIFS(Histórico!$A$8:$A$1007,Histórico!$A$8:$A$1007,"<"&E10,Histórico!$C$8:$C$1007,">0")) -> 46283 | F9: =IF(E9="","",INDEX(Histórico!$C$8:$C$1007,MATCH(E9,Histórico!$A$8:$A$1007,0))) -> 69.29 | G9: =IF(E9="","",TEXT(E9,"dd/mm")) -> 18/09 | I9: =IF(OR(I10="",COUNTIFS(Histórico!$A$8:$A$1007,"<"&I10,Histórico!$A$8:$A$1007,">0",Histórico!$D$8:$D$1007,">0")=0),"",_xlfn.MAXIFS(Histórico!$A$8:$A$1007,Histórico!$A$8:$A$1007,"<"&I10,Histórico!$D$8:$D$1007,">0")) -> 46283 | J9: =IF(I9="","",INDEX(Histórico!$D$8:$D$1007,MATCH(I9,Histórico!$A$8:$A$1007,0))) -> 352.9 | K9: =IF(I9="","",TEXT(I9,"dd/mm")) -> 18/09 | M9: =IF(OR(M10="",COUNTIFS(Histórico!$A$8:$A$1007,"<"&M10,Histórico!$A$8:$A$1007,">0",Histórico!$E$8:$E$1007,">0")=0),"",_xlfn.MAXIFS(Histórico!$A$8:$A$1007,Histórico!$A$8:$A$1007,"<"&M10,Histórico!$E$8:$E$1007,">0")) -> 46286 | N9: =IF(M9="","",INDEX(Histórico!$E$8:$E$1007,MATCH(M9,Histórico!$A$8:$A$1007,0))) -> 5.1117 | O9: =IF(M9="","",TEXT(M9,"dd/mm")) -> 21/09 | Q9: =IF(AND(ISNUMBER(Histórico!$A9),ISNUMBER(Histórico!B9),Histórico!B9>0),Histórico!B9,Q8) -> 161.89 | R9: =IF(AND(ISNUMBER(Histórico!$A9),ISNUMBER(Histórico!C9),Histórico!C9>0),Histórico!C9,R8) -> 69.29 | S9: =IF(AND(ISNUMBER(Histórico!$A9),ISNUMBER(Histórico!D9),Histórico!D9>0),Histórico!D9,S8) -> 352.9 | T9: =IF(AND(ISNUMBER(Histórico!$A9),ISNUMBER(Histórico!E9),Histórico!E9>0),Histórico!E9,T8) -> 5.1575 | U9: =IF(ISNUMBER(Histórico!A9),Histórico!A9,U8) -> 46283
A10: =IF(OR(A11="",COUNTIFS(Histórico!$A$8:$A$1007,"<"&A11,Histórico!$A$8:$A$1007,">0",Histórico!$B$8:$B$1007,">0")=0),"",_xlfn.MAXIFS(Histórico!$A$8:$A$1007,Histórico!$A$8:$A$1007,"<"&A11,Histórico!$B$8:$B$1007,">0")) -> 46286 | B10: =IF(A10="","",INDEX(Histórico!$B$8:$B$1007,MATCH(A10,Histórico!$A$8:$A$1007,0))) -> 161.52 | C10: =IF(A10="","",TEXT(A10,"dd/mm")) -> 21/09 | E10: =IF(OR(E11="",COUNTIFS(Histórico!$A$8:$A$1007,"<"&E11,Histórico!$A$8:$A$1007,">0",Histórico!$C$8:$C$1007,">0")=0),"",_xlfn.MAXIFS(Histórico!$A$8:$A$1007,Histórico!$A$8:$A$1007,"<"&E11,Histórico!$C$8:$C$1007,">0")) -> 46286 | F10: =IF(E10="","",INDEX(Histórico!$C$8:$C$1007,MATCH(E10,Histórico!$A$8:$A$1007,0))) -> 69.62 | G10: =IF(E10="","",TEXT(E10,"dd/mm")) -> 21/09 | I10: =IF(OR(I11="",COUNTIFS(Histórico!$A$8:$A$1007,"<"&I11,Histórico!$A$8:$A$1007,">0",Histórico!$D$8:$D$1007,">0")=0),"",_xlfn.MAXIFS(Histórico!$A$8:$A$1007,Histórico!$A$8:$A$1007,"<"&I11,Histórico!$D$8:$D$1007,">0")) -> 46286 | J10: =IF(I10="","",INDEX(Histórico!$D$8:$D$1007,MATCH(I10,Histórico!$A$8:$A$1007,0))) -> 354.65 | K10: =IF(I10="","",TEXT(I10,"dd/mm")) -> 21/09 | M10: =IF(OR(M11="",COUNTIFS(Histórico!$A$8:$A$1007,"<"&M11,Histórico!$A$8:$A$1007,">0",Histórico!$E$8:$E$1007,">0")=0),"",_xlfn.MAXIFS(Histórico!$A$8:$A$1007,Histórico!$A$8:$A$1007,"<"&M11,Histórico!$E$8:$E$1007,">0")) -> 46287 | N10: =IF(M10="","",INDEX(Histórico!$E$8:$E$1007,MATCH(M10,Histórico!$A$8:$A$1007,0))) -> 5.1161 | O10: =IF(M10="","",TEXT(M10,"dd/mm")) -> 22/09 | Q10: =IF(AND(ISNUMBER(Histórico!$A10),ISNUMBER(Histórico!B10),Histórico!B10>0),Histórico!B10,Q9) -> 161.52 | R10: =IF(AND(ISNUMBER(Histórico!$A10),ISNUMBER(Histórico!C10),Histórico!C10>0),Histórico!C10,R9) -> 69.62 | S10: =IF(AND(ISNUMBER(Histórico!$A10),ISNUMBER(Histórico!D10),Histórico!D10>0),Histórico!D10,S9) -> 354.65 | T10: =IF(AND(ISNUMBER(Histórico!$A10),ISNUMBER(Histórico!E10),Histórico!E10>0),Histórico!E10,T9) -> 5.1117 | U10: =IF(ISNUMBER(Histórico!A10),Histórico!A10,U9) -> 46286
A11: =IF(OR(A12="",COUNTIFS(Histórico!$A$8:$A$1007,"<"&A12,Histórico!$A$8:$A$1007,">0",Histórico!$B$8:$B$1007,">0")=0),"",_xlfn.MAXIFS(Histórico!$A$8:$A$1007,Histórico!$A$8:$A$1007,"<"&A12,Histórico!$B$8:$B$1007,">0")) -> 46287 | B11: =IF(A11="","",INDEX(Histórico!$B$8:$B$1007,MATCH(A11,Histórico!$A$8:$A$1007,0))) -> 161.93 | C11: =IF(A11="","",TEXT(A11,"dd/mm")) -> 22/09 | E11: =IF(OR(E12="",COUNTIFS(Histórico!$A$8:$A$1007,"<"&E12,Histórico!$A$8:$A$1007,">0",Histórico!$C$8:$C$1007,">0")=0),"",_xlfn.MAXIFS(Histórico!$A$8:$A$1007,Histórico!$A$8:$A$1007,"<"&E12,Histórico!$C$8:$C$1007,">0")) -> 46287 | F11: =IF(E11="","",INDEX(Histórico!$C$8:$C$1007,MATCH(E11,Histórico!$A$8:$A$1007,0))) -> 69.74 | G11: =IF(E11="","",TEXT(E11,"dd/mm")) -> 22/09 | I11: =IF(OR(I12="",COUNTIFS(Histórico!$A$8:$A$1007,"<"&I12,Histórico!$A$8:$A$1007,">0",Histórico!$D$8:$D$1007,">0")=0),"",_xlfn.MAXIFS(Histórico!$A$8:$A$1007,Histórico!$A$8:$A$1007,"<"&I12,Histórico!$D$8:$D$1007,">0")) -> 46287 | J11: =IF(I11="","",INDEX(Histórico!$D$8:$D$1007,MATCH(I11,Histórico!$A$8:$A$1007,0))) -> 356.1 | K11: =IF(I11="","",TEXT(I11,"dd/mm")) -> 22/09 | M11: =IF(OR(M12="",COUNTIFS(Histórico!$A$8:$A$1007,"<"&M12,Histórico!$A$8:$A$1007,">0",Histórico!$E$8:$E$1007,">0")=0),"",_xlfn.MAXIFS(Histórico!$A$8:$A$1007,Histórico!$A$8:$A$1007,"<"&M12,Histórico!$E$8:$E$1007,">0")) -> 46288 | N11: =IF(M11="","",INDEX(Histórico!$E$8:$E$1007,MATCH(M11,Histórico!$A$8:$A$1007,0))) -> 5.1414 | O11: =IF(M11="","",TEXT(M11,"dd/mm")) -> 23/09 | Q11: =IF(AND(ISNUMBER(Histórico!$A11),ISNUMBER(Histórico!B11),Histórico!B11>0),Histórico!B11,Q10) -> 161.93 | R11: =IF(AND(ISNUMBER(Histórico!$A11),ISNUMBER(Histórico!C11),Histórico!C11>0),Histórico!C11,R10) -> 69.74 | S11: =IF(AND(ISNUMBER(Histórico!$A11),ISNUMBER(Histórico!D11),Histórico!D11>0),Histórico!D11,S10) -> 356.1 | T11: =IF(AND(ISNUMBER(Histórico!$A11),ISNUMBER(Histórico!E11),Histórico!E11>0),Histórico!E11,T10) -> 5.1161 | U11: =IF(ISNUMBER(Histórico!A11),Histórico!A11,U10) -> 46287
A12: =IF(OR(A13="",COUNTIFS(Histórico!$A$8:$A$1007,"<"&A13,Histórico!$A$8:$A$1007,">0",Histórico!$B$8:$B$1007,">0")=0),"",_xlfn.MAXIFS(Histórico!$A$8:$A$1007,Histórico!$A$8:$A$1007,"<"&A13,Histórico!$B$8:$B$1007,">0")) -> 46288 | B12: =IF(A12="","",INDEX(Histórico!$B$8:$B$1007,MATCH(A12,Histórico!$A$8:$A$1007,0))) -> 161.65 | C12: =IF(A12="","",TEXT(A12,"dd/mm")) -> 23/09 | E12: =IF(OR(E13="",COUNTIFS(Histórico!$A$8:$A$1007,"<"&E13,Histórico!$A$8:$A$1007,">0",Histórico!$C$8:$C$1007,">0")=0),"",_xlfn.MAXIFS(Histórico!$A$8:$A$1007,Histórico!$A$8:$A$1007,"<"&E13,Histórico!$C$8:$C$1007,">0")) -> 46288 | F12: =IF(E12="","",INDEX(Histórico!$C$8:$C$1007,MATCH(E12,Histórico!$A$8:$A$1007,0))) -> 69.82 | G12: =IF(E12="","",TEXT(E12,"dd/mm")) -> 23/09 | I12: =IF(OR(I13="",COUNTIFS(Histórico!$A$8:$A$1007,"<"&I13,Histórico!$A$8:$A$1007,">0",Histórico!$D$8:$D$1007,">0")=0),"",_xlfn.MAXIFS(Histórico!$A$8:$A$1007,Histórico!$A$8:$A$1007,"<"&I13,Histórico!$D$8:$D$1007,">0")) -> 46288 | J12: =IF(I12="","",INDEX(Histórico!$D$8:$D$1007,MATCH(I12,Histórico!$A$8:$A$1007,0))) -> 357.4 | K12: =IF(I12="","",TEXT(I12,"dd/mm")) -> 23/09 | M12: =IF(OR(M13="",COUNTIFS(Histórico!$A$8:$A$1007,"<"&M13,Histórico!$A$8:$A$1007,">0",Histórico!$E$8:$E$1007,">0")=0),"",_xlfn.MAXIFS(Histórico!$A$8:$A$1007,Histórico!$A$8:$A$1007,"<"&M13,Histórico!$E$8:$E$1007,">0")) -> 46289 | N12: =IF(M12="","",INDEX(Histórico!$E$8:$E$1007,MATCH(M12,Histórico!$A$8:$A$1007,0))) -> 5.1795 | O12: =IF(M12="","",TEXT(M12,"dd/mm")) -> 24/09 | Q12: =IF(AND(ISNUMBER(Histórico!$A12),ISNUMBER(Histórico!B12),Histórico!B12>0),Histórico!B12,Q11) -> 161.65 | R12: =IF(AND(ISNUMBER(Histórico!$A12),ISNUMBER(Histórico!C12),Histórico!C12>0),Histórico!C12,R11) -> 69.82 | S12: =IF(AND(ISNUMBER(Histórico!$A12),ISNUMBER(Histórico!D12),Histórico!D12>0),Histórico!D12,S11) -> 357.4 | T12: =IF(AND(ISNUMBER(Histórico!$A12),ISNUMBER(Histórico!E12),Histórico!E12>0),Histórico!E12,T11) -> 5.1414 | U12: =IF(ISNUMBER(Histórico!A12),Histórico!A12,U11) -> 46288
A13: =IF(OR(A14="",COUNTIFS(Histórico!$A$8:$A$1007,"<"&A14,Histórico!$A$8:$A$1007,">0",Histórico!$B$8:$B$1007,">0")=0),"",_xlfn.MAXIFS(Histórico!$A$8:$A$1007,Histórico!$A$8:$A$1007,"<"&A14,Histórico!$B$8:$B$1007,">0")) -> 46289 | B13: =IF(A13="","",INDEX(Histórico!$B$8:$B$1007,MATCH(A13,Histórico!$A$8:$A$1007,0))) -> 161.84 | C13: =IF(A13="","",TEXT(A13,"dd/mm")) -> 24/09 | E13: =IF(OR(E14="",COUNTIFS(Histórico!$A$8:$A$1007,"<"&E14,Histórico!$A$8:$A$1007,">0",Histórico!$C$8:$C$1007,">0")=0),"",_xlfn.MAXIFS(Histórico!$A$8:$A$1007,Histórico!$A$8:$A$1007,"<"&E14,Histórico!$C$8:$C$1007,">0")) -> 46289 | F13: =IF(E13="","",INDEX(Histórico!$C$8:$C$1007,MATCH(E13,Histórico!$A$8:$A$1007,0))) -> 69.81 | G13: =IF(E13="","",TEXT(E13,"dd/mm")) -> 24/09 | I13: =IF(OR(I14="",COUNTIFS(Histórico!$A$8:$A$1007,"<"&I14,Histórico!$A$8:$A$1007,">0",Histórico!$D$8:$D$1007,">0")=0),"",_xlfn.MAXIFS(Histórico!$A$8:$A$1007,Histórico!$A$8:$A$1007,"<"&I14,Histórico!$D$8:$D$1007,">0")) -> 46289 | J13: =IF(I13="","",INDEX(Histórico!$D$8:$D$1007,MATCH(I13,Histórico!$A$8:$A$1007,0))) -> 358.2 | K13: =IF(I13="","",TEXT(I13,"dd/mm")) -> 24/09 | M13: =IF(OR(M14="",COUNTIFS(Histórico!$A$8:$A$1007,"<"&M14,Histórico!$A$8:$A$1007,">0",Histórico!$E$8:$E$1007,">0")=0),"",_xlfn.MAXIFS(Histórico!$A$8:$A$1007,Histórico!$A$8:$A$1007,"<"&M14,Histórico!$E$8:$E$1007,">0")) -> 46290 | N13: =IF(M13="","",INDEX(Histórico!$E$8:$E$1007,MATCH(M13,Histórico!$A$8:$A$1007,0))) -> 5.1991 | O13: =IF(M13="","",TEXT(M13,"dd/mm")) -> 25/09 | Q13: =IF(AND(ISNUMBER(Histórico!$A13),ISNUMBER(Histórico!B13),Histórico!B13>0),Histórico!B13,Q12) -> 161.84 | R13: =IF(AND(ISNUMBER(Histórico!$A13),ISNUMBER(Histórico!C13),Histórico!C13>0),Histórico!C13,R12) -> 69.81 | S13: =IF(AND(ISNUMBER(Histórico!$A13),ISNUMBER(Histórico!D13),Histórico!D13>0),Histórico!D13,S12) -> 358.2 | T13: =IF(AND(ISNUMBER(Histórico!$A13),ISNUMBER(Histórico!E13),Histórico!E13>0),Histórico!E13,T12) -> 5.1795 | U13: =IF(ISNUMBER(Histórico!A13),Histórico!A13,U12) -> 46289
A14: =IF(OR(A15="",COUNTIFS(Histórico!$A$8:$A$1007,"<"&A15,Histórico!$A$8:$A$1007,">0",Histórico!$B$8:$B$1007,">0")=0),"",_xlfn.MAXIFS(Histórico!$A$8:$A$1007,Histórico!$A$8:$A$1007,"<"&A15,Histórico!$B$8:$B$1007,">0")) -> 46290 | B14: =IF(A14="","",INDEX(Histórico!$B$8:$B$1007,MATCH(A14,Histórico!$A$8:$A$1007,0))) -> 161 | C14: =IF(A14="","",TEXT(A14,"dd/mm")) -> 25/09 | E14: =IF(OR(E15="",COUNTIFS(Histórico!$A$8:$A$1007,"<"&E15,Histórico!$A$8:$A$1007,">0",Histórico!$C$8:$C$1007,">0")=0),"",_xlfn.MAXIFS(Histórico!$A$8:$A$1007,Histórico!$A$8:$A$1007,"<"&E15,Histórico!$C$8:$C$1007,">0")) -> 46290 | F14: =IF(E14="","",INDEX(Histórico!$C$8:$C$1007,MATCH(E14,Histórico!$A$8:$A$1007,0))) -> 69.65 | G14: =IF(E14="","",TEXT(E14,"dd/mm")) -> 25/09 | I14: =IF(OR(I15="",COUNTIFS(Histórico!$A$8:$A$1007,"<"&I15,Histórico!$A$8:$A$1007,">0",Histórico!$D$8:$D$1007,">0")=0),"",_xlfn.MAXIFS(Histórico!$A$8:$A$1007,Histórico!$A$8:$A$1007,"<"&I15,Histórico!$D$8:$D$1007,">0")) -> 46290 | J14: =IF(I14="","",INDEX(Histórico!$D$8:$D$1007,MATCH(I14,Histórico!$A$8:$A$1007,0))) -> 358.8 | K14: =IF(I14="","",TEXT(I14,"dd/mm")) -> 25/09 | M14: =IF(OR(M15="",COUNTIFS(Histórico!$A$8:$A$1007,"<"&M15,Histórico!$A$8:$A$1007,">0",Histórico!$E$8:$E$1007,">0")=0),"",_xlfn.MAXIFS(Histórico!$A$8:$A$1007,Histórico!$A$8:$A$1007,"<"&M15,Histórico!$E$8:$E$1007,">0")) -> 46293 | N14: =IF(M14="","",INDEX(Histórico!$E$8:$E$1007,MATCH(M14,Histórico!$A$8:$A$1007,0))) -> 5.2132 | O14: =IF(M14="","",TEXT(M14,"dd/mm")) -> 28/09 | Q14: =IF(AND(ISNUMBER(Histórico!$A14),ISNUMBER(Histórico!B14),Histórico!B14>0),Histórico!B14,Q13) -> 161 | R14: =IF(AND(ISNUMBER(Histórico!$A14),ISNUMBER(Histórico!C14),Histórico!C14>0),Histórico!C14,R13) -> 69.65 | S14: =IF(AND(ISNUMBER(Histórico!$A14),ISNUMBER(Histórico!D14),Histórico!D14>0),Histórico!D14,S13) -> 358.8 | T14: =IF(AND(ISNUMBER(Histórico!$A14),ISNUMBER(Histórico!E14),Histórico!E14>0),Histórico!E14,T13) -> 5.1991 | U14: =IF(ISNUMBER(Histórico!A14),Histórico!A14,U13) -> 46290
A15: =IF(OR(A16="",COUNTIFS(Histórico!$A$8:$A$1007,"<"&A16,Histórico!$A$8:$A$1007,">0",Histórico!$B$8:$B$1007,">0")=0),"",_xlfn.MAXIFS(Histórico!$A$8:$A$1007,Histórico!$A$8:$A$1007,"<"&A16,Histórico!$B$8:$B$1007,">0")) -> 46293 | B15: =IF(A15="","",INDEX(Histórico!$B$8:$B$1007,MATCH(A15,Histórico!$A$8:$A$1007,0))) -> 160.43 | C15: =IF(A15="","",TEXT(A15,"dd/mm")) -> 28/09 | E15: =IF(OR(E16="",COUNTIFS(Histórico!$A$8:$A$1007,"<"&E16,Histórico!$A$8:$A$1007,">0",Histórico!$C$8:$C$1007,">0")=0),"",_xlfn.MAXIFS(Histórico!$A$8:$A$1007,Histórico!$A$8:$A$1007,"<"&E16,Histórico!$C$8:$C$1007,">0")) -> 46293 | F15: =IF(E15="","",INDEX(Histórico!$C$8:$C$1007,MATCH(E15,Histórico!$A$8:$A$1007,0))) -> 69.48 | G15: =IF(E15="","",TEXT(E15,"dd/mm")) -> 28/09 | I15: =IF(OR(I16="",COUNTIFS(Histórico!$A$8:$A$1007,"<"&I16,Histórico!$A$8:$A$1007,">0",Histórico!$D$8:$D$1007,">0")=0),"",_xlfn.MAXIFS(Histórico!$A$8:$A$1007,Histórico!$A$8:$A$1007,"<"&I16,Histórico!$D$8:$D$1007,">0")) -> 46293 | J15: =IF(I15="","",INDEX(Histórico!$D$8:$D$1007,MATCH(I15,Histórico!$A$8:$A$1007,0))) -> 359.95 | K15: =IF(I15="","",TEXT(I15,"dd/mm")) -> 28/09 | M15: =IF(OR(M16="",COUNTIFS(Histórico!$A$8:$A$1007,"<"&M16,Histórico!$A$8:$A$1007,">0",Histórico!$E$8:$E$1007,">0")=0),"",_xlfn.MAXIFS(Histórico!$A$8:$A$1007,Histórico!$A$8:$A$1007,"<"&M16,Histórico!$E$8:$E$1007,">0")) -> 46294 | N15: =IF(M15="","",INDEX(Histórico!$E$8:$E$1007,MATCH(M15,Histórico!$A$8:$A$1007,0))) -> 5.2204 | O15: =IF(M15="","",TEXT(M15,"dd/mm")) -> 29/09 | Q15: =IF(AND(ISNUMBER(Histórico!$A15),ISNUMBER(Histórico!B15),Histórico!B15>0),Histórico!B15,Q14) -> 160.43 | R15: =IF(AND(ISNUMBER(Histórico!$A15),ISNUMBER(Histórico!C15),Histórico!C15>0),Histórico!C15,R14) -> 69.48 | S15: =IF(AND(ISNUMBER(Histórico!$A15),ISNUMBER(Histórico!D15),Histórico!D15>0),Histórico!D15,S14) -> 359.95 | T15: =IF(AND(ISNUMBER(Histórico!$A15),ISNUMBER(Histórico!E15),Histórico!E15>0),Histórico!E15,T14) -> 5.2132 | U15: =IF(ISNUMBER(Histórico!A15),Histórico!A15,U14) -> 46293
A16: =IF(OR(A17="",COUNTIFS(Histórico!$A$8:$A$1007,"<"&A17,Histórico!$A$8:$A$1007,">0",Histórico!$B$8:$B$1007,">0")=0),"",_xlfn.MAXIFS(Histórico!$A$8:$A$1007,Histórico!$A$8:$A$1007,"<"&A17,Histórico!$B$8:$B$1007,">0")) -> 46294 | B16: =IF(A16="","",INDEX(Histórico!$B$8:$B$1007,MATCH(A16,Histórico!$A$8:$A$1007,0))) -> 161.27 | C16: =IF(A16="","",TEXT(A16,"dd/mm")) -> 29/09 | E16: =IF(OR(E17="",COUNTIFS(Histórico!$A$8:$A$1007,"<"&E17,Histórico!$A$8:$A$1007,">0",Histórico!$C$8:$C$1007,">0")=0),"",_xlfn.MAXIFS(Histórico!$A$8:$A$1007,Histórico!$A$8:$A$1007,"<"&E17,Histórico!$C$8:$C$1007,">0")) -> 46294 | F16: =IF(E16="","",INDEX(Histórico!$C$8:$C$1007,MATCH(E16,Histórico!$A$8:$A$1007,0))) -> 69.2 | G16: =IF(E16="","",TEXT(E16,"dd/mm")) -> 29/09 | I16: =IF(OR(I17="",COUNTIFS(Histórico!$A$8:$A$1007,"<"&I17,Histórico!$A$8:$A$1007,">0",Histórico!$D$8:$D$1007,">0")=0),"",_xlfn.MAXIFS(Histórico!$A$8:$A$1007,Histórico!$A$8:$A$1007,"<"&I17,Histórico!$D$8:$D$1007,">0")) -> 46294 | J16: =IF(I16="","",INDEX(Histórico!$D$8:$D$1007,MATCH(I16,Histórico!$A$8:$A$1007,0))) -> 363.05 | K16: =IF(I16="","",TEXT(I16,"dd/mm")) -> 29/09 | M16: =IF(OR(M17="",COUNTIFS(Histórico!$A$8:$A$1007,"<"&M17,Histórico!$A$8:$A$1007,">0",Histórico!$E$8:$E$1007,">0")=0),"",_xlfn.MAXIFS(Histórico!$A$8:$A$1007,Histórico!$A$8:$A$1007,"<"&M17,Histórico!$E$8:$E$1007,">0")) -> 46295 | N16: =IF(M16="","",INDEX(Histórico!$E$8:$E$1007,MATCH(M16,Histórico!$A$8:$A$1007,0))) -> 5.1809 | O16: =IF(M16="","",TEXT(M16,"dd/mm")) -> 30/09 | Q16: =IF(AND(ISNUMBER(Histórico!$A16),ISNUMBER(Histórico!B16),Histórico!B16>0),Histórico!B16,Q15) -> 161.27 | R16: =IF(AND(ISNUMBER(Histórico!$A16),ISNUMBER(Histórico!C16),Histórico!C16>0),Histórico!C16,R15) -> 69.2 | S16: =IF(AND(ISNUMBER(Histórico!$A16),ISNUMBER(Histórico!D16),Histórico!D16>0),Histórico!D16,S15) -> 363.05 | T16: =IF(AND(ISNUMBER(Histórico!$A16),ISNUMBER(Histórico!E16),Histórico!E16>0),Histórico!E16,T15) -> 5.2204 | U16: =IF(ISNUMBER(Histórico!A16),Histórico!A16,U15) -> 46294
A17: =IF(OR(A18="",COUNTIFS(Histórico!$A$8:$A$1007,"<"&A18,Histórico!$A$8:$A$1007,">0",Histórico!$B$8:$B$1007,">0")=0),"",_xlfn.MAXIFS(Histórico!$A$8:$A$1007,Histórico!$A$8:$A$1007,"<"&A18,Histórico!$B$8:$B$1007,">0")) -> 46295 | B17: =IF(A17="","",INDEX(Histórico!$B$8:$B$1007,MATCH(A17,Histórico!$A$8:$A$1007,0))) -> 161.56 | C17: =IF(A17="","",TEXT(A17,"dd/mm")) -> 30/09 | E17: =IF(OR(E18="",COUNTIFS(Histórico!$A$8:$A$1007,"<"&E18,Histórico!$A$8:$A$1007,">0",Histórico!$C$8:$C$1007,">0")=0),"",_xlfn.MAXIFS(Histórico!$A$8:$A$1007,Histórico!$A$8:$A$1007,"<"&E18,Histórico!$C$8:$C$1007,">0")) -> 46295 | F17: =IF(E17="","",INDEX(Histórico!$C$8:$C$1007,MATCH(E17,Histórico!$A$8:$A$1007,0))) -> 68.67 | G17: =IF(E17="","",TEXT(E17,"dd/mm")) -> 30/09 | I17: =IF(OR(I18="",COUNTIFS(Histórico!$A$8:$A$1007,"<"&I18,Histórico!$A$8:$A$1007,">0",Histórico!$D$8:$D$1007,">0")=0),"",_xlfn.MAXIFS(Histórico!$A$8:$A$1007,Histórico!$A$8:$A$1007,"<"&I18,Histórico!$D$8:$D$1007,">0")) -> 46295 | J17: =IF(I17="","",INDEX(Histórico!$D$8:$D$1007,MATCH(I17,Histórico!$A$8:$A$1007,0))) -> 364.3 | K17: =IF(I17="","",TEXT(I17,"dd/mm")) -> 30/09 | M17: =IF(OR(M18="",COUNTIFS(Histórico!$A$8:$A$1007,"<"&M18,Histórico!$A$8:$A$1007,">0",Histórico!$E$8:$E$1007,">0")=0),"",_xlfn.MAXIFS(Histórico!$A$8:$A$1007,Histórico!$A$8:$A$1007,"<"&M18,Histórico!$E$8:$E$1007,">0")) -> 46296 | N17: =IF(M17="","",INDEX(Histórico!$E$8:$E$1007,MATCH(M17,Histórico!$A$8:$A$1007,0))) -> 5.2079 | O17: =IF(M17="","",TEXT(M17,"dd/mm")) -> 01/10 | Q17: =IF(AND(ISNUMBER(Histórico!$A17),ISNUMBER(Histórico!B17),Histórico!B17>0),Histórico!B17,Q16) -> 161.56 | R17: =IF(AND(ISNUMBER(Histórico!$A17),ISNUMBER(Histórico!C17),Histórico!C17>0),Histórico!C17,R16) -> 68.67 | S17: =IF(AND(ISNUMBER(Histórico!$A17),ISNUMBER(Histórico!D17),Histórico!D17>0),Histórico!D17,S16) -> 364.3 | T17: =IF(AND(ISNUMBER(Histórico!$A17),ISNUMBER(Histórico!E17),Histórico!E17>0),Histórico!E17,T16) -> 5.1809 | U17: =IF(ISNUMBER(Histórico!A17),Histórico!A17,U16) -> 46295
A18: =IF(OR(A19="",COUNTIFS(Histórico!$A$8:$A$1007,"<"&A19,Histórico!$A$8:$A$1007,">0",Histórico!$B$8:$B$1007,">0")=0),"",_xlfn.MAXIFS(Histórico!$A$8:$A$1007,Histórico!$A$8:$A$1007,"<"&A19,Histórico!$B$8:$B$1007,">0")) -> 46296 | B18: =IF(A18="","",INDEX(Histórico!$B$8:$B$1007,MATCH(A18,Histórico!$A$8:$A$1007,0))) -> 160.9 | C18: =IF(A18="","",TEXT(A18,"dd/mm")) -> 01/10 | E18: =IF(OR(E19="",COUNTIFS(Histórico!$A$8:$A$1007,"<"&E19,Histórico!$A$8:$A$1007,">0",Histórico!$C$8:$C$1007,">0")=0),"",_xlfn.MAXIFS(Histórico!$A$8:$A$1007,Histórico!$A$8:$A$1007,"<"&E19,Histórico!$C$8:$C$1007,">0")) -> 46296 | F18: =IF(E18="","",INDEX(Histórico!$C$8:$C$1007,MATCH(E18,Histórico!$A$8:$A$1007,0))) -> 68.58 | G18: =IF(E18="","",TEXT(E18,"dd/mm")) -> 01/10 | I18: =IF(OR(I19="",COUNTIFS(Histórico!$A$8:$A$1007,"<"&I19,Histórico!$A$8:$A$1007,">0",Histórico!$D$8:$D$1007,">0")=0),"",_xlfn.MAXIFS(Histórico!$A$8:$A$1007,Histórico!$A$8:$A$1007,"<"&I19,Histórico!$D$8:$D$1007,">0")) -> 46296 | J18: =IF(I18="","",INDEX(Histórico!$D$8:$D$1007,MATCH(I18,Histórico!$A$8:$A$1007,0))) -> 366.5 | K18: =IF(I18="","",TEXT(I18,"dd/mm")) -> 01/10 | M18: =IF(OR(M19="",COUNTIFS(Histórico!$A$8:$A$1007,"<"&M19,Histórico!$A$8:$A$1007,">0",Histórico!$E$8:$E$1007,">0")=0),"",_xlfn.MAXIFS(Histórico!$A$8:$A$1007,Histórico!$A$8:$A$1007,"<"&M19,Histórico!$E$8:$E$1007,">0")) -> 46297 | N18: =IF(M18="","",INDEX(Histórico!$E$8:$E$1007,MATCH(M18,Histórico!$A$8:$A$1007,0))) -> 5.2238 | O18: =IF(M18="","",TEXT(M18,"dd/mm")) -> 02/10 | Q18: =IF(AND(ISNUMBER(Histórico!$A18),ISNUMBER(Histórico!B18),Histórico!B18>0),Histórico!B18,Q17) -> 160.9 | R18: =IF(AND(ISNUMBER(Histórico!$A18),ISNUMBER(Histórico!C18),Histórico!C18>0),Histórico!C18,R17) -> 68.58 | S18: =IF(AND(ISNUMBER(Histórico!$A18),ISNUMBER(Histórico!D18),Histórico!D18>0),Histórico!D18,S17) -> 366.5 | T18: =IF(AND(ISNUMBER(Histórico!$A18),ISNUMBER(Histórico!E18),Histórico!E18>0),Histórico!E18,T17) -> 5.2079 | U18: =IF(ISNUMBER(Histórico!A18),Histórico!A18,U17) -> 46296
A19: =IF(OR(A20="",COUNTIFS(Histórico!$A$8:$A$1007,"<"&A20,Histórico!$A$8:$A$1007,">0",Histórico!$B$8:$B$1007,">0")=0),"",_xlfn.MAXIFS(Histórico!$A$8:$A$1007,Histórico!$A$8:$A$1007,"<"&A20,Histórico!$B$8:$B$1007,">0")) -> 46297 | B19: =IF(A19="","",INDEX(Histórico!$B$8:$B$1007,MATCH(A19,Histórico!$A$8:$A$1007,0))) -> 159.94 | C19: =IF(A19="","",TEXT(A19,"dd/mm")) -> 02/10 | E19: =IF(OR(E20="",COUNTIFS(Histórico!$A$8:$A$1007,"<"&E20,Histórico!$A$8:$A$1007,">0",Histórico!$C$8:$C$1007,">0")=0),"",_xlfn.MAXIFS(Histórico!$A$8:$A$1007,Histórico!$A$8:$A$1007,"<"&E20,Histórico!$C$8:$C$1007,">0")) -> 46297 | F19: =IF(E19="","",INDEX(Histórico!$C$8:$C$1007,MATCH(E19,Histórico!$A$8:$A$1007,0))) -> 68.53 | G19: =IF(E19="","",TEXT(E19,"dd/mm")) -> 02/10 | I19: =IF(OR(I20="",COUNTIFS(Histórico!$A$8:$A$1007,"<"&I20,Histórico!$A$8:$A$1007,">0",Histórico!$D$8:$D$1007,">0")=0),"",_xlfn.MAXIFS(Histórico!$A$8:$A$1007,Histórico!$A$8:$A$1007,"<"&I20,Histórico!$D$8:$D$1007,">0")) -> 46297 | J19: =IF(I19="","",INDEX(Histórico!$D$8:$D$1007,MATCH(I19,Histórico!$A$8:$A$1007,0))) -> 369.9 | K19: =IF(I19="","",TEXT(I19,"dd/mm")) -> 02/10 | M19: =IF(OR(M20="",COUNTIFS(Histórico!$A$8:$A$1007,"<"&M20,Histórico!$A$8:$A$1007,">0",Histórico!$E$8:$E$1007,">0")=0),"",_xlfn.MAXIFS(Histórico!$A$8:$A$1007,Histórico!$A$8:$A$1007,"<"&M20,Histórico!$E$8:$E$1007,">0")) -> 46300 | N19: =IF(M19="","",INDEX(Histórico!$E$8:$E$1007,MATCH(M19,Histórico!$A$8:$A$1007,0))) -> 4.9859 | O19: =IF(M19="","",TEXT(M19,"dd/mm")) -> 05/10 | Q19: =IF(AND(ISNUMBER(Histórico!$A19),ISNUMBER(Histórico!B19),Histórico!B19>0),Histórico!B19,Q18) -> 159.94 | R19: =IF(AND(ISNUMBER(Histórico!$A19),ISNUMBER(Histórico!C19),Histórico!C19>0),Histórico!C19,R18) -> 68.53 | S19: =IF(AND(ISNUMBER(Histórico!$A19),ISNUMBER(Histórico!D19),Histórico!D19>0),Histórico!D19,S18) -> 369.9 | T19: =IF(AND(ISNUMBER(Histórico!$A19),ISNUMBER(Histórico!E19),Histórico!E19>0),Histórico!E19,T18) -> 5.2238 | U19: =IF(ISNUMBER(Histórico!A19),Histórico!A19,U18) -> 46297
A20: =IF(OR(A21="",COUNTIFS(Histórico!$A$8:$A$1007,"<"&A21,Histórico!$A$8:$A$1007,">0",Histórico!$B$8:$B$1007,">0")=0),"",_xlfn.MAXIFS(Histórico!$A$8:$A$1007,Histórico!$A$8:$A$1007,"<"&A21,Histórico!$B$8:$B$1007,">0")) -> 46300 | B20: =IF(A20="","",INDEX(Histórico!$B$8:$B$1007,MATCH(A20,Histórico!$A$8:$A$1007,0))) -> 158.09 | C20: =IF(A20="","",TEXT(A20,"dd/mm")) -> 05/10 | E20: =IF(OR(E21="",COUNTIFS(Histórico!$A$8:$A$1007,"<"&E21,Histórico!$A$8:$A$1007,">0",Histórico!$C$8:$C$1007,">0")=0),"",_xlfn.MAXIFS(Histórico!$A$8:$A$1007,Histórico!$A$8:$A$1007,"<"&E21,Histórico!$C$8:$C$1007,">0")) -> 46300 | F20: =IF(E20="","",INDEX(Histórico!$C$8:$C$1007,MATCH(E20,Histórico!$A$8:$A$1007,0))) -> 67.26 | G20: =IF(E20="","",TEXT(E20,"dd/mm")) -> 05/10 | I20: =IF(OR(I21="",COUNTIFS(Histórico!$A$8:$A$1007,"<"&I21,Histórico!$A$8:$A$1007,">0",Histórico!$D$8:$D$1007,">0")=0),"",_xlfn.MAXIFS(Histórico!$A$8:$A$1007,Histórico!$A$8:$A$1007,"<"&I21,Histórico!$D$8:$D$1007,">0")) -> 46300 | J20: =IF(I20="","",INDEX(Histórico!$D$8:$D$1007,MATCH(I20,Histórico!$A$8:$A$1007,0))) -> 372.95 | K20: =IF(I20="","",TEXT(I20,"dd/mm")) -> 05/10 | M20: =IF(OR(M21="",COUNTIFS(Histórico!$A$8:$A$1007,"<"&M21,Histórico!$A$8:$A$1007,">0",Histórico!$E$8:$E$1007,">0")=0),"",_xlfn.MAXIFS(Histórico!$A$8:$A$1007,Histórico!$A$8:$A$1007,"<"&M21,Histórico!$E$8:$E$1007,">0")) -> 46301 | N20: =IF(M20="","",INDEX(Histórico!$E$8:$E$1007,MATCH(M20,Histórico!$A$8:$A$1007,0))) -> 4.9698 | O20: =IF(M20="","",TEXT(M20,"dd/mm")) -> 06/10 | Q20: =IF(AND(ISNUMBER(Histórico!$A20),ISNUMBER(Histórico!B20),Histórico!B20>0),Histórico!B20,Q19) -> 158.09 | R20: =IF(AND(ISNUMBER(Histórico!$A20),ISNUMBER(Histórico!C20),Histórico!C20>0),Histórico!C20,R19) -> 67.26 | S20: =IF(AND(ISNUMBER(Histórico!$A20),ISNUMBER(Histórico!D20),Histórico!D20>0),Histórico!D20,S19) -> 372.95 | T20: =IF(AND(ISNUMBER(Histórico!$A20),ISNUMBER(Histórico!E20),Histórico!E20>0),Histórico!E20,T19) -> 4.9859 | U20: =IF(ISNUMBER(Histórico!A20),Histórico!A20,U19) -> 46300
... A35: =IF(OR(A36="",COUNTIFS(Histórico!$A$8:$A$1007,"<"&A36,Histórico!$A$8:$A$1007,">0",Histórico!$B$8:$B$1007,">0")=0),"",_xlfn.MAXIFS(Histórico!$A$8:$A$1007,Histórico!$A$8:$A$1007,"<"&A36,Histórico!$B$8:$B$1007,">0")) -> 46322 | B35: =IF(A35="","",INDEX(Histórico!$B$8:$B$1007,MATCH(A35,Histórico!$A$8:$A$1007,0))) -> 157.41 | C35: =IF(A35="","",TEXT(A35,"dd/mm")) -> 27/10 | E35: =IF(OR(E36="",COUNTIFS(Histórico!$A$8:$A$1007,"<"&E36,Histórico!$A$8:$A$1007,">0",Histórico!$C$8:$C$1007,">0")=0),"",_xlfn.MAXIFS(Histórico!$A$8:$A$1007,Histórico!$A$8:$A$1007,"<"&E36,Histórico!$C$8:$C$1007,">0")) -> 46322 | F35: =IF(E35="","",INDEX(Histórico!$C$8:$C$1007,MATCH(E35,Histórico!$A$8:$A$1007,0))) -> 64.87 | G35: =IF(E35="","",TEXT(E35,"dd/mm")) -> 27/10 | I35: =IF(OR(I36="",COUNTIFS(Histórico!$A$8:$A$1007,"<"&I36,Histórico!$A$8:$A$1007,">0",Histórico!$D$8:$D$1007,">0")=0),"",_xlfn.MAXIFS(Histórico!$A$8:$A$1007,Histórico!$A$8:$A$1007,"<"&I36,Histórico!$D$8:$D$1007,">0")) -> 46322 | J35: =IF(I35="","",INDEX(Histórico!$D$8:$D$1007,MATCH(I35,Histórico!$A$8:$A$1007,0))) -> 386.3 | K35: =IF(I35="","",TEXT(I35,"dd/mm")) -> 27/10 | M35: =IF(OR(M36="",COUNTIFS(Histórico!$A$8:$A$1007,"<"&M36,Histórico!$A$8:$A$1007,">0",Histórico!$E$8:$E$1007,">0")=0),"",_xlfn.MAXIFS(Histórico!$A$8:$A$1007,Histórico!$A$8:$A$1007,"<"&M36,Histórico!$E$8:$E$1007,">0")) -> 46323 | N35: =IF(M35="","",INDEX(Histórico!$E$8:$E$1007,MATCH(M35,Histórico!$A$8:$A$1007,0))) -> 5.342 | O35: =IF(M35="","",TEXT(M35,"dd/mm")) -> 28/10 | Q35: =IF(AND(ISNUMBER(Histórico!$A35),ISNUMBER(Histórico!B35),Histórico!B35>0),Histórico!B35,Q34) -> 157.41 | R35: =IF(AND(ISNUMBER(Histórico!$A35),ISNUMBER(Histórico!C35),Histórico!C35>0),Histórico!C35,R34) -> 64.87 | S35: =IF(AND(ISNUMBER(Histórico!$A35),ISNUMBER(Histórico!D35),Histórico!D35>0),Histórico!D35,S34) -> 386.3 | T35: =IF(AND(ISNUMBER(Histórico!$A35),ISNUMBER(Histórico!E35),Histórico!E35>0),Histórico!E35,T34) -> 5.3346 | U35: =IF(ISNUMBER(Histórico!A35),Histórico!A35,U34) -> 46322
A36: =IF(Informativo!J7=0,"",Informativo!C7) -> 46323 | B36: =IF(A36="","",INDEX(Histórico!$B$8:$B$1007,MATCH(A36,Histórico!$A$8:$A$1007,0))) -> 157.42 | C36: =IF(A36="","",TEXT(A36,"dd/mm")) -> 28/10 | E36: =IF(Informativo!J8=0,"",Informativo!C8) -> 46323 | F36: =IF(E36="","",INDEX(Histórico!$C$8:$C$1007,MATCH(E36,Histórico!$A$8:$A$1007,0))) -> 64.73 | G36: =IF(E36="","",TEXT(E36,"dd/mm")) -> 28/10 | I36: =IF(Informativo!J9=0,"",Informativo!C9) -> 46323 | J36: =IF(I36="","",INDEX(Histórico!$D$8:$D$1007,MATCH(I36,Histórico!$A$8:$A$1007,0))) -> 389.05 | K36: =IF(I36="","",TEXT(I36,"dd/mm")) -> 28/10 | M36: =IF(Informativo!J10=0,"",Informativo!C10) -> 46324 | N36: =IF(M36="","",INDEX(Histórico!$E$8:$E$1007,MATCH(M36,Histórico!$A$8:$A$1007,0))) -> 5.3744 | O36: =IF(M36="","",TEXT(M36,"dd/mm")) -> 29/10 | Q36: =IF(AND(ISNUMBER(Histórico!$A36),ISNUMBER(Histórico!B36),Histórico!B36>0),Histórico!B36,Q35) -> 157.42 | R36: =IF(AND(ISNUMBER(Histórico!$A36),ISNUMBER(Histórico!C36),Histórico!C36>0),Histórico!C36,R35) -> 64.73 | S36: =IF(AND(ISNUMBER(Histórico!$A36),ISNUMBER(Histórico!D36),Histórico!D36>0),Histórico!D36,S35) -> 389.05 | T36: =IF(AND(ISNUMBER(Histórico!$A36),ISNUMBER(Histórico!E36),Histórico!E36>0),Histórico!E36,T35) -> 5.342 | U36: =IF(ISNUMBER(Histórico!A36),Histórico!A36,U35) -> 46323
Q37: =IF(AND(ISNUMBER(Histórico!$A37),ISNUMBER(Histórico!B37),Histórico!B37>0),Histórico!B37,Q36) -> 157.42 | R37: =IF(AND(ISNUMBER(Histórico!$A37),ISNUMBER(Histórico!C37),Histórico!C37>0),Histórico!C37,R36) -> 64.73 | S37: =IF(AND(ISNUMBER(Histórico!$A37),ISNUMBER(Histórico!D37),Histórico!D37>0),Histórico!D37,S36) -> 389.05 | T37: =IF(AND(ISNUMBER(Histórico!$A37),ISNUMBER(Histórico!E37),Histórico!E37>0),Histórico!E37,T36) -> 5.3744 | U37: =IF(ISNUMBER(Histórico!A37),Histórico!A37,U36) -> 46324
Q38: =IF(AND(ISNUMBER(Histórico!$A38),ISNUMBER(Histórico!B38),Histórico!B38>0),Histórico!B38,Q37) -> 157.42 | R38: =IF(AND(ISNUMBER(Histórico!$A38),ISNUMBER(Histórico!C38),Histórico!C38>0),Histórico!C38,R37) -> 64.73 | S38: =IF(AND(ISNUMBER(Histórico!$A38),ISNUMBER(Histórico!D38),Histórico!D38>0),Histórico!D38,S37) -> 389.05 | T38: =IF(AND(ISNUMBER(Histórico!$A38),ISNUMBER(Histórico!E38),Histórico!E38>0),Histórico!E38,T37) -> 5.3744 | U38: =IF(ISNUMBER(Histórico!A38),Histórico!A38,U37) -> 46324
Q39: =IF(AND(ISNUMBER(Histórico!$A39),ISNUMBER(Histórico!B39),Histórico!B39>0),Histórico!B39,Q38) -> 157.42 | R39: =IF(AND(ISNUMBER(Histórico!$A39),ISNUMBER(Histórico!C39),Histórico!C39>0),Histórico!C39,R38) -> 64.73 | S39: =IF(AND(ISNUMBER(Histórico!$A39),ISNUMBER(Histórico!D39),Histórico!D39>0),Histórico!D39,S38) -> 389.05 | T39: =IF(AND(ISNUMBER(Histórico!$A39),ISNUMBER(Histórico!E39),Histórico!E39>0),Histórico!E39,T38) -> 5.3744 | U39: =IF(ISNUMBER(Histórico!A39),Histórico!A39,U38) -> 46324
Q40: =IF(AND(ISNUMBER(Histórico!$A40),ISNUMBER(Histórico!B40),Histórico!B40>0),Histórico!B40,Q39) -> 157.42 | R40: =IF(AND(ISNUMBER(Histórico!$A40),ISNUMBER(Histórico!C40),Histórico!C40>0),Histórico!C40,R39) -> 64.73 | S40: =IF(AND(ISNUMBER(Histórico!$A40),ISNUMBER(Histórico!D40),Histórico!D40>0),Histórico!D40,S39) -> 389.05 | T40: =IF(AND(ISNUMBER(Histórico!$A40),ISNUMBER(Histórico!E40),Histórico!E40>0),Histórico!E40,T39) -> 5.3744 | U40: =IF(ISNUMBER(Histórico!A40),Histórico!A40,U39) -> 46324
Q41: =IF(AND(ISNUMBER(Histórico!$A41),ISNUMBER(Histórico!B41),Histórico!B41>0),Histórico!B41,Q40) -> 157.42 | R41: =IF(AND(ISNUMBER(Histórico!$A41),ISNUMBER(Histórico!C41),Histórico!C41>0),Histórico!C41,R40) -> 64.73 | S41: =IF(AND(ISNUMBER(Histórico!$A41),ISNUMBER(Histórico!D41),Histórico!D41>0),Histórico!D41,S40) -> 389.05 | T41: =IF(AND(ISNUMBER(Histórico!$A41),ISNUMBER(Histórico!E41),Histórico!E41>0),Histórico!E41,T40) -> 5.3744 | U41: =IF(ISNUMBER(Histórico!A41),Histórico!A41,U40) -> 46324
Q42: =IF(AND(ISNUMBER(Histórico!$A42),ISNUMBER(Histórico!B42),Histórico!B42>0),Histórico!B42,Q41) -> 157.42 | R42: =IF(AND(ISNUMBER(Histórico!$A42),ISNUMBER(Histórico!C42),Histórico!C42>0),Histórico!C42,R41) -> 64.73 | S42: =IF(AND(ISNUMBER(Histórico!$A42),ISNUMBER(Histórico!D42),Histórico!D42>0),Histórico!D42,S41) -> 389.05 | T42: =IF(AND(ISNUMBER(Histórico!$A42),ISNUMBER(Histórico!E42),Histórico!E42>0),Histórico!E42,T41) -> 5.3744 | U42: =IF(ISNUMBER(Histórico!A42),Histórico!A42,U41) -> 46324
Q43: =IF(AND(ISNUMBER(Histórico!$A43),ISNUMBER(Histórico!B43),Histórico!B43>0),Histórico!B43,Q42) -> 157.42 | R43: =IF(AND(ISNUMBER(Histórico!$A43),ISNUMBER(Histórico!C43),Histórico!C43>0),Histórico!C43,R42) -> 64.73 | S43: =IF(AND(ISNUMBER(Histórico!$A43),ISNUMBER(Histórico!D43),Histórico!D43>0),Histórico!D43,S42) -> 389.05 | T43: =IF(AND(ISNUMBER(Histórico!$A43),ISNUMBER(Histórico!E43),Histórico!E43>0),Histórico!E43,T42) -> 5.3744 | U43: =IF(ISNUMBER(Histórico!A43),Histórico!A43,U42) -> 46324
Q44: =IF(AND(ISNUMBER(Histórico!$A44),ISNUMBER(Histórico!B44),Histórico!B44>0),Histórico!B44,Q43) -> 157.42 | R44: =IF(AND(ISNUMBER(Histórico!$A44),ISNUMBER(Histórico!C44),Histórico!C44>0),Histórico!C44,R43) -> 64.73 | S44: =IF(AND(ISNUMBER(Histórico!$A44),ISNUMBER(Histórico!D44),Histórico!D44>0),Histórico!D44,S43) -> 389.05 | T44: =IF(AND(ISNUMBER(Histórico!$A44),ISNUMBER(Histórico!E44),Histórico!E44>0),Histórico!E44,T43) -> 5.3744 | U44: =IF(ISNUMBER(Histórico!A44),Histórico!A44,U43) -> 46324
Q45: =IF(AND(ISNUMBER(Histórico!$A45),ISNUMBER(Histórico!B45),Histórico!B45>0),Histórico!B45,Q44) -> 157.42 | R45: =IF(AND(ISNUMBER(Histórico!$A45),ISNUMBER(Histórico!C45),Histórico!C45>0),Histórico!C45,R44) -> 64.73 | S45: =IF(AND(ISNUMBER(Histórico!$A45),ISNUMBER(Histórico!D45),Histórico!D45>0),Histórico!D45,S44) -> 389.05 | T45: =IF(AND(ISNUMBER(Histórico!$A45),ISNUMBER(Histórico!E45),Histórico!E45>0),Histórico!E45,T44) -> 5.3744 | U45: =IF(ISNUMBER(Histórico!A45),Histórico!A45,U44) -> 46324
Q46: =IF(AND(ISNUMBER(Histórico!$A46),ISNUMBER(Histórico!B46),Histórico!B46>0),Histórico!B46,Q45) -> 157.42 | R46: =IF(AND(ISNUMBER(Histórico!$A46),ISNUMBER(Histórico!C46),Histórico!C46>0),Histórico!C46,R45) -> 64.73 | S46: =IF(AND(ISNUMBER(Histórico!$A46),ISNUMBER(Histórico!D46),Histórico!D46>0),Histórico!D46,S45) -> 389.05 | T46: =IF(AND(ISNUMBER(Histórico!$A46),ISNUMBER(Histórico!E46),Histórico!E46>0),Histórico!E46,T45) -> 5.3744 | U46: =IF(ISNUMBER(Histórico!A46),Histórico!A46,U45) -> 46324
Q47: =IF(AND(ISNUMBER(Histórico!$A47),ISNUMBER(Histórico!B47),Histórico!B47>0),Histórico!B47,Q46) -> 157.42 | R47: =IF(AND(ISNUMBER(Histórico!$A47),ISNUMBER(Histórico!C47),Histórico!C47>0),Histórico!C47,R46) -> 64.73 | S47: =IF(AND(ISNUMBER(Histórico!$A47),ISNUMBER(Histórico!D47),Histórico!D47>0),Histórico!D47,S46) -> 389.05 | T47: =IF(AND(ISNUMBER(Histórico!$A47),ISNUMBER(Histórico!E47),Histórico!E47>0),Histórico!E47,T46) -> 5.3744 | U47: =IF(ISNUMBER(Histórico!A47),Histórico!A47,U46) -> 46324
Q48: =IF(AND(ISNUMBER(Histórico!$A48),ISNUMBER(Histórico!B48),Histórico!B48>0),Histórico!B48,Q47) -> 157.42 | R48: =IF(AND(ISNUMBER(Histórico!$A48),ISNUMBER(Histórico!C48),Histórico!C48>0),Histórico!C48,R47) -> 64.73 | S48: =IF(AND(ISNUMBER(Histórico!$A48),ISNUMBER(Histórico!D48),Histórico!D48>0),Histórico!D48,S47) -> 389.05 | T48: =IF(AND(ISNUMBER(Histórico!$A48),ISNUMBER(Histórico!E48),Histórico!E48>0),Histórico!E48,T47) -> 5.3744 | U48: =IF(ISNUMBER(Histórico!A48),Histórico!A48,U47) -> 46324
... Q1007: =IF(AND(ISNUMBER(Histórico!$A1007),ISNUMBER(Histórico!B1007),Histórico!B1007>0),Histórico!B1007,Q1006) -> 157.42 | R1007: =IF(AND(ISNUMBER(Histórico!$A1007),ISNUMBER(Histórico!C1007),Histórico!C1007>0),Histórico!C1007,R1006) -> 64.73 | S1007: =IF(AND(ISNUMBER(Histórico!$A1007),ISNUMBER(Histórico!D1007),Histórico!D1007>0),Histórico!D1007,S1006) -> 389.05 | T1007: =IF(AND(ISNUMBER(Histórico!$A1007),ISNUMBER(Histórico!E1007),Histórico!E1007>0),Histórico!E1007,T1006) -> 5.3744 | U1007: =IF(ISNUMBER(Histórico!A1007),Histórico!A1007,U1006) -> 46324

Sheet Novas cotações
A1: Novas cotações — série diária
A2: Uma linha por data, uma coluna por série. Célula vazia = valor não publicado na data (nada é estimado). Futuros: contrato de referência = 1º vencimento após o mês corrente; a troca de contrato aparece na coluna "contrato". Fontes: CEPEA/ESALQ, B3, Datagro, CBOT/CME via Notícias Agrícolas. Atualizada automaticamente pelo daily.py.
A4: Data | B4: Trigo – Paraná (R$/t) | C4: Bezerro – Mato Grosso do Sul (R$/cabeça) | D4: Frango congelado – São Paulo (R$/kg) | E4: Suíno vivo – São Paulo (posto) (R$/kg) | F4: Café arábica – Indicador CEPEA (R$/sc 60 kg) | G4: Café conilon – Indicador CEPEA (robusta) (R$/sc 60 kg) | H4: Café arábica futuro – B3 (US$/sc 60 kg) | I4: Café arábica futuro B3 – contrato | J4: Ibovespa – B3 (pontos) | K4: Dólar futuro – B3 (R$/US$ 1.000) | L4: Dólar futuro B3 – contrato | M4: Boi gordo futuro – B3 (R$/@) | N4: Boi gordo futuro B3 – contrato | O4: Milho futuro – B3 (R$/sc 60 kg) | P4: Milho futuro B3 – contrato | Q4: Soja futuro – B3 (US$/sc 60 kg) | R4: Soja futuro B3 – contrato | S4: Soja – Chicago (US$/bushel) | T4: Soja Chicago – contrato | U4: Milho – Chicago (US$/bushel) | V4: Milho Chicago – contrato | W4: Farelo de soja – Chicago (US$/t curta) | X4: Farelo de soja Chicago – contrato | Y4: Óleo de soja – Chicago (US$/libra-peso) | Z4: Óleo de soja Chicago – contrato | AA4: Algodão em pluma – prazo 8 dias (centavos de R$/lp) | AB4: Açúcar cristal – São Paulo (R$/sc 50 kg) | AC4: Boi gordo SP (R$/@) | AD4: Boi gordo MS (R$/@) | AE4: Boi gordo MG (R$/@) | AF4: Boi gordo PA (R$/@) | AG4: Boi gordo GO (R$/@) | AH4: Boi gordo TO (R$/@) | AI4: Boi gordo MT (R$/@) | AJ4: Boi gordo RO (R$/@) | AK4: Boi gordo BA (R$/@) | AL4: Suíno vivo – Minas Gerais (posto) (R$/kg) | AM4: Suíno vivo – Paraná (a retirar) (R$/kg) | AN4: Suíno vivo – Rio Grande do Sul (a retirar) (R$/kg) | AO4: Suíno vivo – Santa Catarina (a retirar) (R$/kg) | AP4: Frango resfriado – São Paulo (R$/kg) | AQ4: Ovos brancos – Bastos (SP) · FOB (R$/cx 30 dz) | AR4: Ovos vermelhos – Bastos (SP) · FOB (R$/cx 30 dz) | AS4: Leite ao produtor – Média Brasil (R$/litro) | AT4: Leite ao produtor – Minas Gerais (R$/litro) | AU4: Leite ao produtor – Goiás (R$/litro) | AV4: Leite ao produtor – São Paulo (R$/litro) | AW4: Leite ao produtor – Paraná (R$/litro) | AX4: Leite ao produtor – Santa Catarina (R$/litro) | AY4: Leite ao produtor – Rio Grande do Sul (R$/litro) | AZ4: Leite ao produtor – Bahia (R$/litro) | BA4: Leite ao produtor – Rio de Janeiro (R$/litro) | BB4: Leite ao produtor – Espírito Santo (R$/litro) | BC4: Tilápia – Grandes Lagos (R$/kg) | BD4: Tilápia – Morada Nova de Minas (R$/kg) | BE4: Tilápia – Norte do Paraná (R$/kg) | BF4: Tilápia – Oeste do Paraná (R$/kg) | BG4: Tilápia – Triângulo Mineiro/Alto Paranaíba (R$/kg) | BH4: Trigo – Rio Grande do Sul (R$/t) | BI4: Arroz em casca – RS · CEPEA/IRGA (58% inteiros) (R$/sc 50 kg) | BJ4: Feijão carioca – São Paulo · nota 9+ (R$/sc 60 kg) | BK4: Feijão carioca – Itapeva · nota 9+ (R$/sc 60 kg) | BL4: Feijão carioca – Leste Goiano · nota 9+ (R$/sc 60 kg) | BM4: Feijão carioca – Noroeste de Minas · nota 9+ (R$/sc 60 kg) | BN4: Feijão carioca – Sorriso · nota 9+ (R$/sc 60 kg) | BO4: Feijão preto – Curitiba · tipo 1 (R$/sc 60 kg) | BP4: Feijão preto – Itapeva · tipo 1 (R$/sc 60 kg) | BQ4: Feijão preto – Metade Sul do Paraná · tipo 1 (R$/sc 60 kg) | BR4: Feijão preto – Oeste Catarinense · tipo 1 (R$/sc 60 kg) | BS4: Etanol hidratado – São Paulo · usinas · semanal (R$/litro) | BT4: Etanol anidro – São Paulo · usinas · semanal (R$/litro) | BU4: Mandioca (raiz) – Noroeste do Paraná · posto fecularia (R$/t) | BV4: Mandioca (raiz) – Assis (SP) · posto fecularia (R$/t) | BW4: Mandioca (raiz) – Extremo Sul do MS · posto fecularia (R$/t) | BX4: Sorgo – Rio Verde (GO) · Comigo (R$/sc 60 kg) | BY4: Sorgo – Média RS · Clicmercado (R$/sc 60 kg) | BZ4: Sorgo – Oeste da Bahia · AIBA (R$/sc 60 kg) | CA4: Sorgo – Cândido Mota (SP) · Coopermota (R$/sc 60 kg) | CB4: Sorgo – Dourados (MS) (R$/sc 60 kg) | CC4: Sorgo – Campo Grande (MS) (R$/sc 60 kg) | CD4: Laranja indústria – SP · a prazo · média 5 dias (R$/cx 40,8 kg) | CE4: Laranja pera in natura – SP · a prazo (R$/cx 40,8 kg) | CF4: Cacau – Bahia · convencional (R$/@) | CG4: Cacau – Espírito Santo · convencional (R$/sc) | CH4: Cacau – Pará · convencional (R$/kg) | CI4: Cacau – ICE Nova York (US$/t) | CJ4: Cacau ICE Nova York – contrato
A5: 45810 | B5: 1529.99 | C5: 2877.24 | D5: 8.08 | E5: 8.29 | F5: 2316.4 | G5: 1358.37 | H5: 409.55 | I5: dez/25 | J5: 136786.65 | K5: 5717.5 | L5: jul/25 | M5: 329.1 | N5: jul/25 | O5: 62.78 | P5: jul/25 | Q5: 22.81 | R5: jul/25 | S5: 10.335 | T5: jul/25 | U5: 4.3825 | V5: jul/25 | W5: 293.9 | X5: jul/25 | Y5: 0.4628 | Z5: jul/25 | AA5: 446.08 | AB5: 134.01 | AC5: 302 | AD5: 302.32 | AE5: 292.13 | AF5: 279.94 | AG5: 288.15 | AH5: 276.73 | AI5: 307.38 | AJ5: 267.24 | AK5: 275.85 | AL5: 8.12 | AM5: 7.9 | AN5: 7.94 | AO5: 7.69 | AP5: 8.18 | AQ5: 163.01 | AR5: 183.27 | BH5: 1359.83 | BI5: 70.62 | BK5: 279.79 | BO5: 146.09 | BQ5: 138.66 | BX5: 49 | BY5: 60 | CB5: 46.4 | CC5: 44 | CD5: 45 | CE5: 70.77 | CI5: 9474 | CJ5: jul/25
A6: 45811 | B6: 1538.39 | C6: 2876.23 | D6: 7.63 | E6: 8.29 | F6: 2267.09 | G6: 1320.75 | H6: 409.75 | I6: dez/25 | J6: 137546.26 | K6: 5669.5 | L6: jul/25 | M6: 328.35 | N6: jul/25 | O6: 63.29 | P6: jul/25 | Q6: 22.95 | R6: jul/25 | S6: 10.4075 | T6: jul/25 | U6: 4.385 | V6: jul/25 | W6: 294.5 | X6: jul/25 | Y6: 0.4681 | Z6: jul/25 | AA6: 440.18 | AB6: 134.7 | AC6: 304.85 | AD6: 303.92 | AE6: 291.95 | AF6: 278.43 | AG6: 291.97 | AH6: 279.93 | AI6: 309.13 | AJ6: 267.89 | AK6: 277.5 | AL6: 8.12 | AM6: 7.88 | AN6: 7.94 | AO6: 7.65 | AP6: 7.78 | AQ6: 162.93 | AR6: 183.07 | BH6: 1363.82 | BI6: 70.01 | BK6: 281.78 | BO6: 145.85 | BQ6: 136.93 | BX6: 49 | BY6: 60 | CB6: 46.4 | CC6: 44 | CD6: 45.15 | CE6: 69.33 | CI6: 9775 | CJ6: jul/25
A7: 45812 | B7: 1534.02 | C7: 2898.79 | D7: 7.38 | E7: 8.29 | F7: 2267.41 | G7: 1334.49 | H7: 417 | I7: dez/25 | J7: 137001.58 | K7: 5679 | L7: jul/25 | M7: 327.95 | N7: jul/25 | O7: 64.08 | P7: jul/25 | Q7: 23.01 | R7: jul/25 | S7: 10.45 | T7: jul/25 | U7: 4.3875 | V7: jul/25 | W7: 297.1 | X7: jul/25 | Y7: 0.4681 | Z7: jul/25 | AA7: 437.14 | AB7: 134.17 | AC7: 308.57 | AD7: 305.99 | AE7: 292.66 | AF7: 283.58 | AG7: 294.11 | AH7: 281.7 | AI7: 310.02 | AJ7: 271.73 | AK7: 277.71 | AL7: 8.14 | AM7: 7.86 | AN7: 7.94 | AO7: 7.65 | AP7: 7.54 | AQ7: 162.93 | AR7: 183.07 | BH7: 1362.12 | BI7: 69.04 | BK7: 277.22 | BO7: 143.36 | BQ7: 139 | BX7: 46 | BY7: 60 | CB7: 46.4 | CC7: 44 | CD7: 45.15 | CE7: 66.95 | CI7: 9948 | CJ7: jul/25
A8: 45813 | B8: 1534.4 | C8: 2908.79 | D8: 7.38 | E8: 8.29 | F8: 2301.91 | G8: 1363.05 | H8: 431.15 | I8: dez/25 | J8: 136236.37 | K8: 5619 | L8: jul/25 | M8: 325.9 | N8: jul/25 | O8: 64.36 | P8: jul/25 | Q8: 23.16 | R8: jul/25 | S8: 10.5175 | T8: jul/25 | U8: 4.395 | V8: jul/25 | W8: 297.1 | X8: jul/25 | Y8: 0.4665 | Z8: jul/25 | AA8: 437.65 | AB8: 131.4 | AC8: 311.11 | AD8: 306.52 | AE8: 293.6 | AF8: 285.02 | AG8: 295.22 | AH8: 284.15 | AI8: 311.34 | AJ8: 273.65 | AK8: 279.49 | AL8: 8.14 | AM8: 7.86 | AN8: 7.94 | AO8: 7.67 | AP8: 7.54 | AQ8: 162.93 | AR8: 183.07 | BH8: 1363.05 | BI8: 68.96 | BK8: 278.12 | BL8: 229.58 | BO8: 144.6 | BQ8: 140.31 | BX8: 43 | BY8: 60 | CB8: 44.8 | CC8: 44 | CD8: 45.13 | CE8: 66.74 | CI8: 10076 | CJ8: jul/25
A9: 45814 | B9: 1524.69 | C9: 2928.03 | D9: 7.38 | E9: 8.44 | F9: 2316.32 | G9: 1363.23 | H9: 429 | I9: dez/25 | J9: 136102.1 | K9: 5590.5 | L9: jul/25 | M9: 325 | N9: jul/25 | O9: 64.57 | P9: jul/25 | Q9: 23.3 | R9: jul/25 | S9: 10.5725 | T9: jul/25 | U9: 4.425 | V9: jul/25 | W9: 295.7 | X9: jul/25 | Y9: 0.475 | Z9: jul/25 | AA9: 435.91 | AB9: 131.8 | AC9: 311.73 | AD9: 309.43 | AE9: 296.3 | AF9: 289.72 | AG9: 299.15 | AH9: 284.31 | AI9: 312.52 | AJ9: 274.68 | AK9: 278.11 | AL9: 8.27 | AM9: 7.87 | AN9: 8.03 | AO9: 7.75 | AP9: 7.54 | AQ9: 162.93 | AR9: 183.07 | BC9: 8.11 | BD9: 8.46 | BE9: 8.59 | BF9: 7.41 | BG9: 8.31 | BH9: 1369.61 | BI9: 68.75 | BK9: 280.8 | BL9: 229.58 | BO9: 142.93 | BQ9: 139.43 | BS9: 2.5492 | BT9: 2.9448 | BU9: 572.6 | BV9: 460.2 | BW9: 517.44 | BX9: 42 | BY9: 60 | CD9: 44.95 | CE9: 64.47 | CI9: 10259 | CJ9: jul/25
A10: 45817 | B10: 1529.67 | C10: 2947.19 | D10: 7.41 | E10: 8.5 | F10: 2303.94 | G10: 1375.84 | H10: 434.5 | I10: dez/25 | J10: 135699.38 | K10: 5583 | L10: jul/25 | M10: 328 | N10: jul/25 | O10: 64.2 | P10: jul/25 | Q10: 23.3 | R10: jul/25 | S10: 10.56 | T10: jul/25 | U10: 4.335 | V10: jul/25 | W10: 295.5 | X10: jul/25 | Y10: 0.4738 | Z10: jul/25 | AA10: 440.56 | AB10: 132.48 | AC10: 311.58 | AD10: 312.23 | AE10: 296.05 | AF10: 289.25 | AG10: 299.92 | AH10: 283.49 | AI10: 314.26 | AJ10: 272.82 | AK10: 280.42 | AL10: 8.34 | AM10: 7.91 | AN10: 8.02 | AO10: 7.8 | AP10: 7.6 | AQ10: 170.08 | AR10: 191.99 | BH10: 1365.19 | BI10: 67.72 | BK10: 284.56 | BM10: 270 | BO10: 140.96 | BQ10: 138.67 | BX10: 43 | BY10: 60 | CB10: 43.2 | CC10: 43.2 | CD10: 44.86 | CE10: 64.44 | CI10: 10174 | CJ10: jul/25
A11: 45818 | B11: 1512.36 | C11: 2959.95 | D11: 7.36 | E11: 8.5 | F11: 2276.92 | G11: 1367.66 | H11: 428.5 | I11: dez/25 | J11: 136436.07 | K11: 5597.5 | L11: jul/25 | M11: 327 | N11: jul/25 | O11: 64.3 | P11: jul/25 | Q11: 23.3 | R11: jul/25 | S11: 10.5775 | T11: jul/25 | U11: 4.3875 | V11: jul/25 | W11: 295.9 | X11: jul/25 | Y11: 0.4779 | Z11: jul/25 | AA11: 440.52 | AB11: 130.08 | AC11: 311.13 | AD11: 312.02 | AE11: 298.49 | AF11: 292.18 | AG11: 297.95 | AH11: 285.9 | AI11: 317.99 | AJ11: 273.31 | AK11: 277.79 | AL11: 8.47 | AM11: 7.89 | AN11: 8.02 | AO11: 7.94 | AP11: 7.57 | AQ11: 169.73 | AR11: 191.14 | BH11: 1361.22 | BI11: 66.81 | BK11: 275.84 | BM11: 241.88 | BO11: 143.55 | BQ11: 139.77 | BR11: 130.4 | BX11: 41 | BY11: 60 | CB11: 43.2 | CC11: 43.2 | CD11: 44.74 | CE11: 64.51 | CI11: 9602 | CJ11: jul/25
A12: 45819 | B12: 1516.12 | C12: 2937.25 | D12: 7.36 | E12: 8.5 | F12: 2251.1 | G12: 1343.93 | H12: 422 | I12: dez/25 | J12: 137128.04 | K12: 5560 | L12: jul/25 | M12: 327.85 | N12: jul/25 | O12: 63.73 | P12: jul/25 | Q12: 23.15 | R12: jul/25 | S12: 10.505 | T12: jul/25 | U12: 4.37 | V12: jul/25 | W12: 294.2 | X12: jul/25 | Y12: 0.4802 | Z12: jul/25 | AA12: 436.57 | AB12: 127.06 | AC12: 314.23 | AD12: 314.04 | AE12: 298.35 | AF12: 290.91 | AG12: 298.83 | AH12: 286.43 | AI12: 318.51 | AJ12: 275.29 | AK12: 281.87 | AL12: 8.44 | AM12: 7.93 | AN12: 8.03 | AO12: 7.98 | AP12: 7.39 | AQ12: 169.73 | AR12: 191.14 | BH12: 1346.02 | BI12: 66.61 | BK12: 279.62 | BL12: 235.36 | BM12: 243.76 | BO12: 145.48 | BQ12: 139.16 | BR12: 130.5 | BX12: 41 | BY12: 60 | CB12: 43.2 | CC12: 43.2 | CD12: 44.74 | CE12: 62.83 | CI12: 9549 | CJ12: jul/25
A13: 45820 | B13: 1503.06 | C13: 2929.32 | D13: 7.36 | E13: 8.5 | F13: 2229.75 | G13: 1333.38 | H13: 418.25 | I13: dez/25 | J13: 137799.74 | K13: 5561 | L13: jul/25 | M13: 323.85 | N13: jul/25 | O13: 63.1 | P13: jul/25 | Q13: 22.99 | R13: jul/25 | S13: 10.4225 | T13: jul/25 | U13: 4.385 | V13: jul/25 | W13: 294.5 | X13: jul/25 | Y13: 0.4761 | Z13: jul/25 | AA13: 435.29 | AB13: 126.56 | AC13: 314.91 | AD13: 315.07 | AE13: 298.42 | AF13: 291.02 | AG13: 299.85 | AH13: 287.02 | AI13: 318.65 | AJ13: 278.32 | AK13: 284.78 | AL13: 8.44 | AM13: 7.97 | AN13: 8.03 | AO13: 8 | AP13: 7.39 | AQ13: 169.55 | AR13: 191.14 | BH13: 1341.43 | BI13: 66.07 | BK13: 273.68 | BL13: 240.24 | BM13: 246.66 | BO13: 146.68 | BQ13: 138.71 | BR13: 132.64 | BX13: 41 | BY13: 60 | CB13: 43.2 | CC13: 43.2 | CD13: 44.69 | CE13: 63.12 | CI13: 9858 | CJ13: jul/25
A14: 45821 | B14: 1505.4 | C14: 2920.71 | D14: 7.35 | E14: 8.59 | F14: 2197.73 | G14: 1283.26 | H14: 420.9 | I14: dez/25 | J14: 137212.63 | K14: 5556 | L14: jul/25 | M14: 327 | N14: jul/25 | O14: 63.35 | P14: jul/25 | Q14: 23.53 | R14: jul/25 | S14: 10.6975 | T14: jul/25 | U14: 4.445 | V14: jul/25 | W14: 291.9 | X14: jul/25 | Y14: 0.5061 | Z14: jul/25 | AA14: 437.5 | AB14: 125.53 | AC14: 314.73 | AD14: 315.59 | AE14: 297.59 | AF14: 293.13 | AG14: 301.45 | AH14: 288.05 | AI14: 318.78 | AJ14: 278.26 | AK14: 281.78 | AL14: 8.43 | AM14: 7.98 | AN14: 8.09 | AO14: 8.01 | AP14: 7.37 | AQ14: 169.49 | AR14: 191.33 | BC14: 8.08 | BD14: 8.47 | BE14: 8.62 | BF14: 7.38 | BG14: 8.27 | BH14: 1341.43 | BI14: 66.04 | BK14: 273.68 | BL14: 242.29 | BM14: 246.66 | BO14: 146.68 | BQ14: 137.68 | BR14: 133.11 | BS14: 2.5404 | BT14: 2.9021 | BU14: 568.01 | BV14: 455.83 | BW14: 517.2 | BX14: 41 | BY14: 60 | CB14: 43.2 | CC14: 43.2 | CD14: 44.88 | CE14: 63.12 | CI14: 9768 | CJ14: jul/25
A15: 45824 | B15: 1506.96 | C15: 2914.51 | D15: 7.4 | E15: 8.65 | F15: 2167.87 | G15: 1273.96 | H15: 412.65 | I15: dez/25 | J15: 139255.91 | K15: 5512 | L15: jul/25 | M15: 327.4 | N15: jul/25 | O15: 62.47 | P15: jul/25 | Q15: 23.55 | R15: jul/25 | S15: 10.6975 | T15: jul/25 | U15: 4.3475 | V15: jul/25 | W15: 283.7 | X15: jul/25 | Y15: 0.5511 | Z15: jul/25 | AA15: 436.43 | AB15: 128.22 | AC15: 314.62 | AD15: 315.91 | AE15: 297.97 | AF15: 293.63 | AG15: 302.11 | AH15: 289.92 | AI15: 319.56 | AJ15: 288.54 | AK15: 282.72 | AL15: 8.44 | AM15: 8.05 | AN15: 8.13 | AO15: 8.05 | AP15: 7.42 | AQ15: 169.52 | AR15: 191.23 | BH15: 1349.45 | BI15: 65.98 | BK15: 270.02 | BL15: 242.86 | BM15: 262.25 | BO15: 149 | BQ15: 139.3 | BR15: 133.11 | BX15: 40 | BY15: 60 | CB15: 43.2 | CC15: 43.2 | CD15: 44.56 | CE15: 63.23 | CI15: 10035 | CJ15: jul/25
A16: 45825 | B16: 1525.26 | C16: 2907.69 | D16: 7.43 | E16: 8.68 | F16: 2147.51 | G16: 1287.01 | H16: 402.75 | I16: dez/25 | J16: 138840.02 | K16: 5517.5 | L16: jul/25 | M16: 327.9 | N16: jul/25 | O16: 62.95 | P16: jul/25 | Q16: 23.65 | R16: jul/25 | S16: 10.74 | T16: jul/25 | U16: 4.315 | V16: jul/25 | W16: 285.1 | X16: jul/25 | Y16: 0.5479 | Z16: jul/25 | AA16: 427.54 | AB16: 126.89 | AC16: 315.33 | AD16: 316.39 | AE16: 298.89 | AF16: 294.79 | AG16: 304.55 | AH16: 290.97 | AI16: 320.59 | AJ16: 289.5 | AK16: 289.8 | AL16: 8.43 | AM16: 8.09 | AN16: 8.13 | AO16: 8.06 | AP16: 7.43 | AQ16: 169.62 | AR16: 192.06 | BH16: 1344.98 | BI16: 65.32 | BK16: 277.56 | BM16: 264.07 | BO16: 143.45 | BQ16: 136.63 | BR16: 133.11 | BX16: 41.5 | BY16: 60 | CB16: 42.4 | CC16: 42.4 | CD16: 44.53 | CE16: 63.97 | CI16: 9943 | CJ16: jul/25
A17: 45826 | B17: 1503.35 | C17: 2913.68 | D17: 7.43 | E17: 8.71 | F17: 2061.95 | G17: 1209.04 | H17: 388.5 | I17: dez/25 | J17: 138716.64 | K17: 5517 | L17: jul/25 | M17: 325 | N17: jul/25 | O17: 62.93 | P17: jul/25 | Q17: 23.68 | R17: jul/25 | S17: 10.7475 | T17: jul/25 | U17: 4.335 | V17: jul/25 | W17: 284.9 | X17: jul/25 | Y17: 0.5477 | Z17: jul/25 | AA17: 424.45 | AB17: 124.99 | AC17: 314.56 | AD17: 316.17 | AE17: 300.46 | AF17: 293.26 | AG17: 304.09 | AH17: 291.11 | AI17: 320.54 | AJ17: 285.78 | AK17: 290.89 | AL17: 8.43 | AM17: 8.13 | AN17: 8.15 | AO17: 8.12 | AP17: 7.43 | AQ17: 163.64 | AR17: 184.59 | BH17: 1350.47 | BI17: 65.21 | BK17: 278.61 | BO17: 144.91 | BQ17: 136.51 | BR17: 130.5 | BX17: 41.5 | BY17: 60 | CB17: 42.4 | CC17: 42.4 | CD17: 44.53 | CE17: 62.74 | CI17: 9680 | CJ17: jul/25
A18: 45828 | B18: 1501.68 | C18: 2928.47 | D18: 7.43 | E18: 8.71 | F18: 1969.45 | G18: 1167.47 | H18: 378.7 | I18: dez/25 | J18: 137115.83 | K18: 5533.5 | L18: jul/25 | M18: 326.9 | N18: jul/25 | O18: 63.07 | P18: jul/25 | Q18: 23.51 | R18: jul/25 | S18: 10.68 | T18: jul/25 | U18: 4.2875 | V18: jul/25 | W18: 284.1 | X18: jul/25 | Y18: 0.5447 | Z18: jul/25 | AA18: 422.36 | AB18: 123.02 | AC18: 316.3 | AD18: 315.66 | AE18: 299.09 | AF18: 294.82 | AG18: 303.1 | AH18: 292.38 | AI18: 320.15 | AJ18: 282.06 | AK18: 286.38 | AL18: 8.44 | AM18: 8.16 | AN18: 8.15 | AO18: 8.12 | AP18: 7.43 | AQ18: 163.78 | AR18: 184.64 | BC18: 8.04 | BD18: 8.46 | BE18: 8.6 | BF18: 7.37 | BG18: 8.27 | BH18: 1352.02 | BI18: 65.68 | BK18: 279.67 | BM18: 261.04 | BO18: 142.54 | BQ18: 136.63 | BR18: 130.5 | BS18: 2.5696 | BT18: 2.9134 | BU18: 548.39 | BV18: 443.09 | BW18: 506.34 | BX18: 41.5 | BY18: 60 | CD18: 44.53 | CE18: 62.34 | CI18: 8459 | CJ18: jul/25
A19: 45831 | B19: 1495.33 | C19: 2930.06 | D19: 7.44 | E19: 8.72 | F19: 1976.3 | G19: 1186.21 | H19: 390.9 | I19: dez/25 | J19: 136550.5 | K19: 5511.5 | L19: jul/25 | M19: 326 | N19: jul/25 | O19: 63.76 | P19: jul/25 | Q19: 23.35 | R19: jul/25 | S19: 10.5875 | T19: jul/25 | U19: 4.1925 | V19: jul/25 | W19: 282.4 | X19: jul/25 | Y19: 0.5324 | Z19: jul/25 | AA19: 416.55 | AB19: 124.21 | AC19: 316.79 | AD19: 315.09 | AE19: 298.09 | AF19: 294.03 | AG19: 299.96 | AH19: 292.2 | AI19: 319.16 | AJ19: 282.07 | AK19: 285.57 | AL19: 8.44 | AM19: 8.15 | AN19: 8.16 | AO19: 8.13 | AP19: 7.44 | AQ19: 163.77 | AR19: 184.64 | BH19: 1349.46 | BI19: 65.69 | BK19: 276.82 | BM19: 251.34 | BO19: 142.1 | BQ19: 136.49 | BX19: 41.5 | BY19: 60 | CB19: 40.8 | CC19: 41.6 | CD19: 44.61 | CE19: 61.47 | CI19: 9189 | CJ19: jul/25
A20: 45832 | B20: 1498.6 | C20: 2923.9 | D20: 7.44 | E20: 8.71 | F20: 1935.67 | G20: 1138.2 | H20: 377.25 | I20: dez/25 | J20: 137164.61 | K20: 5525 | L20: jul/25 | M20: 322.9 | N20: jul/25 | O20: 64.64 | P20: jul/25 | Q20: 23.1 | R20: jul/25 | S20: 10.4675 | T20: jul/25 | U20: 4.1625 | V20: jul/25 | W20: 280.5 | X20: jul/25 | Y20: 0.5217 | Z20: jul/25 | AA20: 409.6 | AB20: 120.73 | AC20: 316.76 | AD20: 313.12 | AE20: 302.72 | AF20: 291.36 | AG20: 299.38 | AH20: 291.84 | AI20: 317.75 | AJ20: 281.18 | AK20: 289.92 | AL20: 8.44 | AM20: 8.16 | AN20: 8.16 | AO20: 8.13 | AP20: 7.44 | AQ20: 159.01 | AR20: 177.4 | BH20: 1348.28 | BI20: 66.26 | BK20: 273.9 | BL20: 234.58 | BM20: 244.03 | BO20: 143.03 | BP20: 164.56 | BQ20: 133.51 | BX20: 40.7 | BY20: 60 | CB20: 40.8 | CC20: 41.6 | CD20: 44.61 | CE20: 59.5 | CI20: 9436 | CJ20: jul/25
A21: 45833 | B21: 1485.98 | C21: 2930.53 | D21: 7.44 | E21: 8.73 | F21: 1917.3 | G21: 1094.58 | H21: 362.35 | I21: dez/25 | J21: 135767.29 | K21: 5554.5 | L21: jul/25 | M21: 320.5 | N21: jul/25 | O21: 64.27 | P21: jul/25 | Q21: 22.62 | R21: jul/25 | S21: 10.2525 | T21: jul/25 | U21: 4.1025 | V21: jul/25 | W21: 276 | X21: jul/25 | Y21: 0.5182 | Z21: jul/25 | AA21: 414.99 | AB21: 119.84 | AC21: 317.37 | AD21: 312.11 | AE21: 303.98 | AF21: 289.88 | AG21: 299.19 | AH21: 288.63 | AI21: 321.42 | AJ21: 279.05 | AK21: 286.65 | AL21: 8.43 | AM21: 8.17 | AN21: 8.15 | AO21: 8.11 | AP21: 7.54 | AQ21: 159.01 | AR21: 177.58 | BH21: 1340.04 | BI21: 66.27 | BK21: 268.65 | BL21: 225.94 | BM21: 239.2 | BO21: 143.06 | BQ21: 133.58 | BX21: 40.7 | BY21: 60 | CB21: 40.8 | CC21: 41.6 | CD21: 44.59 | CE21: 60.3 | CI21: 9081 | CJ21: jul/25
A22: 45834 | B22: 1483.63 | C22: 2928.84 | D22: 7.45 | E22: 8.71 | F22: 1905.98 | G22: 1114.57 | H22: 366 | I22: dez/25 | J22: 137113.89 | K22: 5497.5 | L22: jul/25 | M22: 319.1 | N22: jul/25 | O22: 63.9 | P22: jul/25 | Q22: 22.61 | R22: jul/25 | S22: 10.2275 | T22: jul/25 | U22: 4.095 | V22: jul/25 | W22: 270.9 | X22: jul/25 | Y22: 0.5252 | Z22: jul/25 | AA22: 413.23 | AB22: 118.76 | AC22: 317.19 | AD22: 310.3 | AE22: 303.13 | AF22: 286.2 | AG22: 298.37 | AH22: 284.63 | AI22: 320.19 | AJ22: 278.67 | AK22: 290.91 | AL22: 8.43 | AM22: 8.17 | AN22: 8.15 | AO22: 8.09 | AP22: 7.45 | AQ22: 159.01 | AR22: 177.58 | BH22: 1338.53 | BI22: 66.32 | BK22: 265.13 | BM22: 239.14 | BO22: 142.23 | BP22: 164.56 | BQ22: 133.76 | BX22: 40.7 | BY22: 60 | CB22: 40 | CC22: 41.6 | CD22: 44.59 | CE22: 60.59 | CI22: 9361 | CJ22: jul/25
A23: 45835 | B23: 1494.43 | C23: 2922.14 | D23: 7.44 | E23: 8.76 | F23: 1877.02 | G23: 1114.07 | H23: 361.25 | I23: dez/25 | J23: 136865.79 | K23: 5489 | L23: jul/25 | M23: 319.4 | N23: jul/25 | O23: 63.45 | P23: jul/25 | Q23: 22.77 | R23: jul/25 | S23: 10.2775 | T23: jul/25 | U23: 4.175 | V23: jul/25 | W23: 271.1 | X23: jul/25 | Y23: 0.5245 | Z23: jul/25 | AA23: 413.05 | AB23: 117.69 | AC23: 315.87 | AD23: 308.88 | AE23: 301.3 | AF23: 283.34 | AG23: 294.25 | AH23: 282.67 | AI23: 318.15 | AJ23: 279.49 | AK23: 290.08 | AL23: 8.43 | AM23: 8.17 | AN23: 8.13 | AO23: 8.09 | AP23: 7.44 | AQ23: 158.91 | AR23: 177.27 | BC23: 8 | BD23: 8.44 | BE23: 8.58 | BF23: 7.33 | BG23: 8.23 | BH23: 1338.53 | BI23: 66.42 | BK23: 266.45 | BL23: 221.02 | BM23: 236.55 | BO23: 139.72 | BP23: 162.09 | BQ23: 134.36 | BR23: 131.75 | BS23: 2.6099 | BT23: 2.9962 | BU23: 523.5 | BV23: 438.97 | BW23: 499.1 | BX23: 40.7 | BY23: 60 | CB23: 40 | CC23: 40 | CD23: 44.59 | CE23: 60.56 | CI23: 9231 | CJ23: jul/25
A24: 45838 | B24: 1488.66 | C24: 2911 | D24: 7.44 | E24: 8.76 | F24: 1834.36 | G24: 1105.07 | H24: 356.35 | I24: dez/25 | J24: 138854.6 | K24: 5457 | L24: jul/25 | M24: 317 | N24: jul/25 | O24: 63.5 | P24: jul/25 | S24: 10.2425 | T24: jul/25 | U24: 4.205 | V24: jul/25 | W24: 271.3 | X24: jul/25 | Y24: 0.5251 | Z24: jul/25 | AA24: 414.56 | AB24: 116.61 | AC24: 314.81 | AD24: 308.47 | AE24: 299.6 | AF24: 285.51 | AG24: 293.04 | AH24: 282.22 | AI24: 317.67 | AJ24: 277.14 | AK24: 287.93 | AL24: 8.43 | AM24: 8.18 | AN24: 8.13 | AO24: 8.1 | AP24: 7.44 | AQ24: 158.93 | AR24: 177.46 | BH24: 1337.35 | BI24: 66.42 | BK24: 259.57 | BL24: 217.49 | BM24: 235.71 | BO24: 140.2 | BQ24: 134.53 | BR24: 131.75 | BX24: 37.6 | BY24: 60 | CB24: 40 | CC24: 39.2 | CD24: 44.1 | CE24: 61.2 | CI24: 9356 | CJ24: jul/25
A25: 45839 | B25: 1482.74 | C25: 2913.52 | D25: 7.46 | E25: 8.75 | F25: 1807.41 | G25: 1099.04 | H25: 345 | I25: dez/25 | J25: 139549.43 | K25: 5506 | L25: ago/25 | M25: 322.85 | N25: ago/25 | O25: 61.58 | P25: set/25 | Q25: 22.64 | R25: nov/25 | S25: 10.2975 | T25: ago/25 | U25: 4.06 | V25: set/25 | W25: 273.7 | X25: ago/25 | Y25: 0.5366 | Z25: ago/25 | AA25: 411.76 | AB25: 116.46 | AC25: 313.12 | AD25: 307.88 | AE25: 297.92 | AF25: 286.66 | AG25: 293.83 | AH25: 282.28 | AI25: 315.36 | AJ25: 277 | AK25: 284.84 | AL25: 8.42 | AM25: 8.18 | AN25: 8.13 | AO25: 8.1 | AP25: 7.47 | AQ25: 158.46 | AR25: 177.28 | AS25: 2.62 | AT25: 2.7 | AU25: 2.54 | AV25: 2.7 | AW25: 2.71 | AX25: 2.58 | AY25: 2.49 | AZ25: 2.54 | BA25: 2.6 | BB25: 2.6 | BH25: 1336.15 | BI25: 66.99 | BK25: 251.35 | BL25: 209.95 | BM25: 229.05 | BO25: 139.07 | BQ25: 132.64 | BR25: 134.25 | BX25: 37.6 | BY25: 60 | CB25: 40 | CC25: 39.2 | CD25: 43.54 | CE25: 60.97 | CI25: 8317 | CJ25: set/25
A26: 45840 | B26: 1481.21 | C26: 2911.46 | D26: 7.46 | E26: 8.75 | F26: 1779.95 | G26: 1068.92 | H26: 345.1 | I26: dez/25 | J26: 139050.93 | K26: 5459.5 | L26: ago/25 | M26: 318.6 | N26: ago/25 | O26: 61.81 | P26: set/25 | Q26: 23.1 | R26: nov/25 | S26: 10.535 | T26: ago/25 | U26: 4.18 | V26: set/25 | W26: 276.8 | X26: ago/25 | Y26: 0.5502 | Z26: ago/25 | AA26: 410.53 | AB26: 115.95 | AC26: 314.09 | AD26: 310.71 | AE26: 298.81 | AF26: 289.84 | AG26: 291.97 | AH26: 283.11 | AI26: 315.4 | AJ26: 276.78 | AK26: 283.25 | AL26: 8.42 | AM26: 8.17 | AN26: 8.12 | AO26: 8.08 | AP26: 7.47 | AQ26: 157.89 | AR26: 176.63 | BH26: 1332.62 | BI26: 66.91 | BK26: 246.91 | BL26: 202.13 | BM26: 220.75 | BO26: 138.31 | BQ26: 131.44 | BR26: 134.25 | BX26: 39.4 | BY26: 60 | CB26: 39.2 | CC26: 38.4 | CD26: 43.54 | CE26: 59.8 | CI26: 8225 | CJ26: set/25
A27: 45841 | B27: 1485.5 | C27: 2903.05 | D27: 7.46 | E27: 8.75 | F27: 1742.2 | G27: 1082.04 | H27: 343.5 | I27: dez/25 | J27: 140927.86 | K27: 5448.5 | L27: ago/25 | M27: 320 | N27: ago/25 | O27: 62.65 | P27: set/25 | Q27: 23.1 | R27: nov/25 | S27: 10.555 | T27: ago/25 | U27: 4.2025 | V27: set/25 | W27: 277.4 | X27: ago/25 | Y27: 0.5455 | Z27: ago/25 | AA27: 411.21 | AB27: 116.57 | AC27: 311.21 | AD27: 309.21 | AE27: 298.31 | AF27: 288.82 | AG27: 290.72 | AH27: 285.1 | AI27: 314.66 | AJ27: 275.13 | AK27: 280.48 | AL27: 8.42 | AM27: 8.17 | AN27: 8.12 | AO27: 8.07 | AP27: 7.47 | AQ27: 157.93 | AR27: 176.68 | BH27: 1333.73 | BI27: 67.25 | BK27: 243.71 | BL27: 201.95 | BM27: 220.56 | BO27: 140.47 | BQ27: 131.15 | BR27: 134.25 | BX27: 40.5 | BY27: 60 | CB27: 37.6 | CC27: 38.4 | CD27: 43.76 | CE27: 59.83 | CI27: 8101 | CJ27: set/25
A28: 45842 | B28: 1484.25 | C28: 2877.42 | D28: 7.44 | E28: 8.78 | F28: 1736.94 | G28: 1086.76 | H28: 342.9 | I28: dez/25 | J28: 141263.56 | M28: 319.3 | N28: ago/25 | O28: 62.07 | P28: set/25 | AA28: 410.05 | AB28: 116.73 | AC28: 310.24 | AD28: 308.46 | AE28: 297.4 | AF28: 288.32 | AG28: 289.49 | AH28: 284.53 | AI28: 313.33 | AJ28: 274.25 | AK28: 277.69 | AL28: 8.42 | AM28: 8.17 | AN28: 8.12 | AO28: 8.08 | AP28: 7.45 | AQ28: 158.09 | AR28: 176.29 | BC28: 8 | BD28: 8.45 | BE28: 8.57 | BF28: 7.35 | BG28: 8.18 | BH28: 1333.73 | BI28: 67.39 | BK28: 244.71 | BL28: 198.21 | BM28: 218.29 | BO28: 140.21 | BQ28: 130.09 | BR28: 134.25 | BS28: 2.6055 | BT28: 2.9996 | BU28: 522.15 | BV28: 424.27 | BW28: 490.11 | BY28: 60 | CB28: 37.6 | CC28: 38.4 | CD28: 43.76 | CE28: 59.09
A29: 45845 | B29: 1476.58 | C29: 2869.43 | D29: 7.44 | E29: 8.78 | F29: 1682.7 | G29: 1066.77 | H29: 331.95 | I29: dez/25 | J29: 139489.7 | K29: 5514.5 | L29: ago/25 | M29: 318.3 | N29: ago/25 | O29: 62 | P29: set/25 | Q29: 22.53 | R29: nov/25 | S29: 10.315 | T29: ago/25 | U29: 4.035 | V29: set/25 | W29: 272.2 | X29: ago/25 | Y29: 0.5394 | Z29: ago/25 | AA29: 412.77 | AB29: 117.44 | AC29: 307.74 | AD29: 307.85 | AE29: 297.26 | AF29: 286.31 | AG29: 288.7 | AH29: 283.4 | AI29: 311.9 | AJ29: 273.23 | AK29: 275.63 | AL29: 8.42 | AM29: 8.15 | AN29: 8.07 | AO29: 8.09 | AP29: 7.45 | AQ29: 158.08 | AR29: 176.28 | BH29: 1330.21 | BI29: 67.38 | BK29: 239.97 | BL29: 192.21 | BM29: 210.7 | BO29: 133.48 | BQ29: 129.74 | BR29: 128.67 | BX29: 40.7 | BY29: 60 | CB29: 37.6 | CC29: 38.4 | CD29: 43.82 | CE29: 58.15 | CI29: 8200 | CJ29: set/25
A30: 45846 | B30: 1473.6 | C30: 2859.9 | D30: 7.39 | E30: 8.78 | F30: 1685.98 | G30: 1065.55 | H30: 338.9 | I30: dez/25 | J30: 139302.85 | K30: 5470 | L30: ago/25 | M30: 316.7 | N30: ago/25 | O30: 62.4 | P30: set/25 | Q30: 22.42 | R30: nov/25 | S30: 10.2125 | T30: ago/25 | U30: 3.98 | V30: set/25 | W30: 270.7 | X30: ago/25 | Y30: 0.5411 | Z30: ago/25 | AA30: 407.81 | AB30: 116.09 | AC30: 307.77 | AD30: 308.76 | AE30: 296.94 | AF30: 285.75 | AG30: 289.75 | AH30: 282.23 | AI30: 310.49 | AJ30: 273.57 | AK30: 275.51 | AL30: 8.42 | AM30: 8.14 | AN30: 8.07 | AO30: 8.09 | AP30: 7.41 | AQ30: 157.94 | AR30: 176.28 | BH30: 1326.67 | BI30: 67.78 | BK30: 228.59 | BL30: 191.62 | BM30: 208.98 | BO30: 130.87 | BQ30: 129.16 | BR30: 131.4 | BX30: 40.5 | BY30: 60 | BZ30: 52.5 | CA30: 43.2 | CD30: 44.29 | CE30: 57.59 | CI30: 8090 | CJ30: set/25
A31: 45847 | B31: 1473.6 | C31: 2867.75 | D31: 7.39 | E31: 8.78 | F31: 1685.52 | G31: 1032.69 | H31: 341.35 | I31: dez/25 | J31: 137480.79 | K31: 5516.5 | L31: ago/25 | M31: 316.8 | N31: ago/25 | O31: 63.79 | P31: set/25 | Q31: 22.21 | R31: nov/25 | S31: 10.09 | T31: ago/25 | U31: 3.9925 | V31: set/25 | W31: 269.4 | X31: ago/25 | Y31: 0.5329 | Z31: ago/25 | AA31: 410.09 | AB31: 116.09 | AC31: 307.99 | AD31: 308.4 | AE31: 296.31 | AF31: 286.18 | AG31: 288.57 | AH31: 281.93 | AI31: 311.74 | AJ31: 274.57 | AK31: 278.57 | AL31: 8.42 | AM31: 8.08 | AN31: 8.06 | AO31: 8.09 | AP31: 7.41 | AQ31: 153.77 | AR31: 172.33 | BH31: 1326.67 | BI31: 67.82 | BK31: 228.59 | BL31: 193.14 | BM31: 206.63 | BO31: 131.5 | BQ31: 127.59 | BR31: 131.4 | BX31: 40.5 | BY31: 60 | BZ31: 52.5 | CA31: 43.2 | CB31: 37.6 | CC31: 36 | CD31: 44.31 | CE31: 57.79 | CI31: 8376 | CJ31: set/25
A32: 45848 | B32: 1475.11 | C32: 2879.78 | D32: 7.39 | E32: 8.8 | F32: 1721.5 | G32: 1020.19 | H32: 337.6 | I32: dez/25 | J32: 136743.26 | K32: 5583 | L32: ago/25 | M32: 311.4 | N32: ago/25 | O32: 62.8 | P32: set/25 | Q32: 22.38 | R32: nov/25 | S32: 10.125 | T32: ago/25 | U32: 3.9925 | V32: set/25 | W32: 271.4 | X32: ago/25 | Y32: 0.5349 | Z32: ago/25 | AA32: 412.12 | AB32: 115.9 | AC32: 306.83 | AD32: 307.45 | AE32: 295.87 | AF32: 285.85 | AG32: 288.31 | AH32: 281.99 | AI32: 309.94 | AJ32: 274.34 | AK32: 275.92 | AL32: 8.43 | AM32: 8.09 | AN32: 8.06 | AO32: 8.09 | AP32: 7.41 | AQ32: 153.78 | AR32: 172.76 | BH32: 1323.79 | BI32: 67.82 | BK32: 221.87 | BL32: 192.72 | BM32: 207.97 | BO32: 134.69 | BQ32: 129.67 | BR32: 131.4 | BX32: 42 | BY32: 60 | BZ32: 52.5 | CA32: 42.4 | CB32: 37.6 | CC32: 36 | CD32: 44.29 | CE32: 57.23 | CI32: 8059 | CJ32: set/25
A33: 45849 | B33: 1473.37 | C33: 2871.61 | D33: 7.39 | E33: 8.67 | F33: 1728.48 | G33: 1012.75 | H33: 343.5 | I33: dez/25 | J33: 136187.31 | K33: 5572 | L33: ago/25 | M33: 312.5 | N33: ago/25 | O33: 63.9 | P33: set/25 | Q33: 22.25 | R33: nov/25 | S33: 10.0425 | T33: ago/25 | U33: 3.96 | V33: set/25 | W33: 270.3 | X33: ago/25 | Y33: 0.5375 | Z33: ago/25 | AA33: 409.5 | AB33: 116.09 | AC33: 304.73 | AD33: 307.03 | AE33: 294.01 | AF33: 286.97 | AG33: 285.6 | AH33: 281.81 | AI33: 305.74 | AJ33: 272.37 | AK33: 275.55 | AL33: 8.35 | AM33: 8.08 | AN33: 8.06 | AO33: 8.07 | AP33: 7.41 | AQ33: 153.92 | AR33: 171.65 | BC33: 7.98 | BD33: 8.42 | BE33: 8.57 | BF33: 7.26 | BG33: 8.19 | BH33: 1323.79 | BI33: 67.75 | BK33: 221.87 | BL33: 193.7 | BM33: 208.22 | BO33: 135.2 | BQ33: 129.75 | BR33: 134.25 | BS33: 2.5521 | BT33: 2.9598 | BU33: 518.09 | BV33: 415.65 | BW33: 479.32 | BX33: 42 | BY33: 60 | BZ33: 52.5 | CA33: 42.4 | CB33: 38.4 | CC33: 36 | CI33: 8177 | CJ33: set/25
A34: 45852 | B34: 1475.85 | C34: 2872.26 | D34: 7.4 | E34: 8.62 | F34: 1783.7 | G34: 1014.57 | H34: 367 | I34: dez/25 | J34: 135298.99 | K34: 5609 | L34: ago/25 | M34: 309.95 | N34: ago/25 | O34: 64.09 | P34: set/25 | Q34: 22.2 | R34: nov/25 | S34: 10.01 | T34: ago/25 | U34: 4 | V34: set/25 | W34: 267.7 | X34: ago/25 | Y34: 0.5417 | Z34: ago/25 | AA34: 410.94 | AB34: 116.93 | AC34: 303.71 | AD34: 305.14 | AE34: 289.88 | AF34: 285.13 | AG34: 284.63 | AH34: 280.19 | AI34: 303.55 | AJ34: 268.73 | AK34: 283.45 | AL34: 8.23 | AM34: 8.04 | AN34: 8.01 | AO34: 8.02 | AP34: 7.41 | AQ34: 147.39 | AR34: 163.77 | BH34: 1318.72 | BI34: 67.88 | BK34: 224.13 | BL34: 201.74 | BM34: 207.58 | BO34: 134.35 | BQ34: 128.82 | BR34: 134.25 | BX34: 42.5 | BY34: 60 | BZ34: 42 | CA34: 42.4 | CB34: 38.4 | CC34: 36 | CD34: 44.11 | CE34: 57.21 | CI34: 8287 | CJ34: set/25
A35: 45853 | B35: 1476.47 | C35: 2861.38 | D35: 7.28 | E35: 8.57 | F35: 1785.02 | G35: 1006.39 | H35: 356.45 | I35: dez/25 | J35: 135250.1 | K35: 5583.5 | L35: ago/25 | M35: 305.05 | N35: ago/25 | O35: 63.4 | P35: set/25 | Q35: 22.13 | R35: nov/25 | S35: 9.95 | T35: ago/25 | U35: 4.0125 | V35: set/25 | W35: 265.3 | X35: ago/25 | Y35: 0.5456 | Z35: ago/25 | AA35: 413.24 | AB35: 117.32 | AC35: 300.67 | AD35: 299.43 | AE35: 284.16 | AF35: 283.34 | AG35: 284.26 | AH35: 268.07 | AI35: 301.22 | AJ35: 262.38 | AK35: 269.89 | AL35: 8.14 | AM35: 7.99 | AN35: 7.99 | AO35: 7.95 | AP35: 7.28 | AQ35: 147.59 | AR35: 163.77 | BH35: 1323.79 | BI35: 68.14 | BK35: 223.4 | BL35: 203.52 | BM35: 211.32 | BO35: 136 | BQ35: 128.05 | BR35: 130.4 | BX35: 42.5 | BY35: 60 | BZ35: 38 | CA35: 42.4 | CB35: 38.4 | CC35: 36 | CD35: 44.07 | CE35: 59 | CI35: 7884 | CJ35: set/25
A36: 45854 | B36: 1475.81 | C36: 2851.44 | D36: 7.28 | E36: 8.51 | F36: 1820.36 | G36: 1024.07 | H36: 366.55 | I36: dez/25 | J36: 135510.99 | K36: 5581.5 | L36: ago/25 | M36: 299.95 | N36: ago/25 | O36: 64.13 | P36: set/25 | Q36: 22.5 | R36: nov/25 | S36: 10.135 | T36: ago/25 | U36: 4.0525 | V36: set/25 | W36: 268.4 | X36: ago/25 | Y36: 0.5482 | Z36: ago/25 | AA36: 410.64 | AB36: 118.28 | AC36: 300.01 | AD36: 298.67 | AE36: 285.42 | AF36: 274.87 | AG36: 282.91 | AH36: 268.47 | AI36: 298.86 | AJ36: 261.57 | AK36: 269.31 | AL36: 8.14 | AM36: 7.98 | AN36: 7.99 | AO36: 7.94 | AP36: 7.28 | AQ36: 148.16 | AR36: 163.77 | BH36: 1327.32 | BI36: 68.13 | BK36: 236.37 | BL36: 204.48 | BM36: 213.28 | BO36: 132.86 | BQ36: 127.49 | BR36: 134.25 | BX36: 42.5 | BY36: 60 | BZ36: 38 | CA36: 42.4 | CB36: 38.4 | CC36: 36 | CD36: 44.46 | CE36: 58.97 | CI36: 7639 | CJ36: set/25
A37: 45855 | B37: 1477.18 | C37: 2841.7 | D37: 7.28 | E37: 8.51 | F37: 1815.89 | G37: 1003.95 | H37: 366.65 | I37: dez/25 | J37: 135564.74 | K37: 5566 | L37: ago/25 | M37: 307.8 | N37: ago/25 | O37: 64.6 | P37: set/25 | Q37: 22.66 | R37: nov/25 | S37: 10.215 | T37: ago/25 | U37: 4.02 | V37: set/25 | W37: 268.7 | X37: ago/25 | Y37: 0.5622 | Z37: ago/25 | AA37: 415.95 | AB37: 120.11 | AC37: 297.07 | AD37: 296.84 | AE37: 285.92 | AF37: 271.16 | AG37: 280.9 | AH37: 267.83 | AI37: 298.21 | AJ37: 259.46 | AK37: 267.29 | AL37: 8.13 | AM37: 7.81 | AN37: 7.97 | AO37: 7.87 | AP37: 7.28 | AQ37: 147.97 | AR37: 163.77 | BH37: 1327.46 | BI37: 68.15 | BK37: 226.33 | BL37: 205.65 | BM37: 216.94 | BO37: 131.1 | BQ37: 125.29 | BR37: 133.9 | BX37: 42.5 | BY37: 60 | BZ37: 38 | CA37: 42.4 | CB37: 38.4 | CC37: 36 | CD37: 44.4 | CE37: 59.44 | CI37: 7309 | CJ37: set/25
A38: 45856 | B38: 1477.18 | C38: 2846.38 | D38: 7.25 | E38: 8.4 | F38: 1825.66 | G38: 1013.46 | H38: 362.95 | I38: dez/25 | J38: 133381.58 | K38: 5611 | L38: ago/25 | M38: 305.2 | N38: ago/25 | O38: 65.45 | P38: set/25 | Q38: 22.86 | R38: nov/25 | S38: 10.2775 | T38: ago/25 | U38: 4.085 | V38: set/25 | W38: 274 | X38: ago/25 | Y38: 0.5582 | Z38: ago/25 | AA38: 411.35 | AB38: 121.22 | AC38: 293.79 | AD38: 299.71 | AE38: 284.9 | AF38: 269.67 | AG38: 279.21 | AH38: 270.36 | AI38: 296.11 | AJ38: 261.08 | AK38: 262.55 | AL38: 8.06 | AM38: 7.84 | AN38: 7.96 | AO38: 7.83 | AP38: 7.25 | AQ38: 143.11 | AR38: 157.82 | BC38: 7.97 | BD38: 8.4 | BE38: 8.55 | BF38: 7.24 | BG38: 8.19 | BH38: 1327.46 | BI38: 68.22 | BK38: 230.29 | BL38: 205.11 | BM38: 222.07 | BO38: 130.85 | BQ38: 124.31 | BR38: 131.12 | BS38: 2.5239 | BT38: 2.9204 | BU38: 510.78 | BV38: 405.73 | BW38: 475.31 | BX38: 42.5 | BY38: 60 | BZ38: 38 | CA38: 42.4 | CD38: 44.4 | CE38: 59.34 | CI38: 7800 | CJ38: set/25
A39: 45859 | B39: 1479.74 | C39: 2855.65 | D39: 7.2 | E39: 8.37 | F39: 1803.32 | G39: 975.7 | H39: 345 | I39: dez/25 | J39: 134166.72 | K39: 5578 | L39: ago/25 | M39: 299.5 | N39: ago/25 | O39: 65.07 | P39: set/25 | Q39: 22.6 | R39: nov/25 | S39: 10.15 | T39: ago/25 | U39: 4.0375 | V39: set/25 | W39: 270.5 | X39: ago/25 | Y39: 0.5607 | Z39: ago/25 | AA39: 412.43 | AB39: 120.32 | AC39: 294.37 | AD39: 300.59 | AE39: 283.99 | AF39: 273.11 | AG39: 278.47 | AH39: 271.61 | AI39: 296.08 | AJ39: 261.9 | AK39: 256.88 | AL39: 7.96 | AM39: 7.82 | AN39: 7.85 | AO39: 7.79 | AP39: 7.2 | AQ39: 143.03 | AR39: 157.26 | BH39: 1327.46 | BI39: 68.1 | BK39: 241.86 | BL39: 208.41 | BM39: 224.72 | BO39: 130.55 | BQ39: 125.09 | BX39: 42 | BY39: 60 | BZ39: 38 | CA39: 43.2 | CB39: 38.4 | CC39: 36 | CD39: 44.04 | CE39: 59.86 | CI39: 8156 | CJ39: set/25
A40: 45860 | B40: 1480.34 | C40: 2853.68 | D40: 7.2 | E40: 8.36 | F40: 1801.66 | G40: 1003.46 | H40: 350.05 | I40: dez/25 | J40: 134035.72 | K40: 5579 | L40: ago/25 | M40: 302.5 | N40: ago/25 | O40: 65.3 | P40: set/25 | Q40: 22.6 | R40: nov/25 | S40: 10.1025 | T40: ago/25 | U40: 3.9925 | V40: set/25 | W40: 273.8 | X40: ago/25 | Y40: 0.5563 | Z40: ago/25 | AA40: 413.3 | AB40: 120.19 | AC40: 295.27 | AD40: 299.14 | AE40: 284.91 | AF40: 274.11 | AG40: 279.61 | AH40: 274.61 | AI40: 295.29 | AJ40: 261.8 | AK40: 261.31 | AL40: 7.93 | AM40: 7.79 | AN40: 7.85 | AO40: 7.78 | AP40: 7.2 | AQ40: 143.03 | AR40: 157.26 | BH40: 1326.75 | BI40: 68.47 | BK40: 242.74 | BL40: 211.37 | BM40: 226.38 | BO40: 134.06 | BQ40: 127.8 | BR40: 136.75 | BX40: 42 | BY40: 52 | BZ40: 38 | CA40: 43.2 | CB40: 38.4 | CC40: 36 | CD40: 44.17 | CE40: 58.59 | CI40: 8149 | CJ40: set/25
A41: 45861 | B41: 1476.97 | C41: 2849.56 | D41: 7.2 | E41: 8.19 | F41: 1818.16 | G41: 986.81 | H41: 355.6 | I41: dez/25 | J41: 135368.27 | K41: 5528 | L41: ago/25 | M41: 302.9 | N41: ago/25 | O41: 65.12 | P41: set/25 | Q41: 22.54 | R41: nov/25 | S41: 10.0575 | T41: ago/25 | U41: 3.985 | V41: set/25 | W41: 272 | X41: ago/25 | Y41: 0.5614 | Z41: ago/25 | AA41: 412.77 | AB41: 119.83 | AC41: 295.18 | AD41: 298.88 | AE41: 284.92 | AF41: 272.4 | AG41: 279.44 | AH41: 271.24 | AI41: 295.75 | AJ41: 260.95 | AK41: 261.05 | AL41: 7.92 | AM41: 7.71 | AN41: 7.75 | AO41: 7.69 | AP41: 7.2 | AQ41: 143.03 | AR41: 157.26 | BH41: 1324.28 | BI41: 68.33 | BK41: 242.51 | BL41: 210.77 | BM41: 227.29 | BO41: 133.09 | BP41: 143.04 | BQ41: 127.28 | BR41: 136.75 | BX41: 42 | BY41: 52 | BZ41: 38 | CA41: 43.2 | CB41: 38.4 | CC41: 36 | CD41: 43.56 | CE41: 58.19 | CI41: 8440 | CJ41: set/25
A42: 45862 | B42: 1470.42 | C42: 2852.07 | D42: 7.2 | E42: 8.19 | F42: 1824.52 | G42: 1007.91 | H42: 362.75 | I42: dez/25 | J42: 133807.59 | K42: 5533 | L42: ago/25 | M42: 304.5 | N42: ago/25 | O42: 65.7 | P42: set/25 | Q42: 22.55 | R42: nov/25 | S42: 10.0425 | T42: ago/25 | U42: 4.0175 | V42: set/25 | W42: 269.7 | X42: ago/25 | Y42: 0.5667 | Z42: ago/25 | AA42: 413.74 | AB42: 120.1 | AC42: 293.93 | AD42: 298.1 | AE42: 283.37 | AF42: 273.61 | AG42: 278.84 | AH42: 270.16 | AI42: 295.84 | AJ42: 259.27 | AK42: 261.79 | AL42: 7.92 | AM42: 7.69 | AN42: 7.75 | AO42: 7.62 | AP42: 7.2 | AQ42: 143.03 | AR42: 157.26 | BH42: 1288.17 | BI42: 68.52 | BK42: 240.72 | BL42: 213.22 | BM42: 225.52 | BO42: 132.41 | BQ42: 126.48 | BR42: 133 | BX42: 42 | BY42: 52 | BZ42: 38 | CA42: 43.2 | CB42: 38.4 | CC42: 36 | CD42: 43.71 | CE42: 57.53 | CI42: 8124 | CJ42: set/25
A43: 45863 | B43: 1471.8 | C43: 2849.93 | D43: 7.2 | E43: 8.14 | F43: 1809.56 | G43: 1002.35 | H43: 354.8 | I43: dez/25 | J43: 133524.18 | K43: 5574.5 | L43: ago/25 | M43: 308.9 | N43: ago/25 | O43: 65.65 | P43: set/25 | Q43: 22.5 | R43: nov/25 | S43: 9.9875 | T43: ago/25 | U43: 3.995 | V43: set/25 | W43: 267.8 | X43: ago/25 | Y43: 0.5649 | Z43: ago/25 | AA43: 414.99 | AB43: 121.09 | AC43: 293.02 | AD43: 297.86 | AE43: 281.7 | AF43: 272.34 | AG43: 277.56 | AH43: 268.84 | AI43: 294.18 | AJ43: 257.83 | AK43: 262.12 | AL43: 7.87 | AM43: 7.67 | AN43: 7.69 | AO43: 7.6 | AP43: 7.2 | AQ43: 143.03 | AR43: 157.26 | BC43: 7.94 | BD43: 8.39 | BE43: 8.54 | BF43: 7.2 | BG43: 8.17 | BH43: 1288.17 | BI43: 68.84 | BK43: 239.22 | BL43: 213.66 | BM43: 224.88 | BO43: 132.97 | BQ43: 126.89 | BS43: 2.5448 | BT43: 2.9168 | BU43: 491.75 | BV43: 397.56 | BW43: 465.45 | BX43: 42 | BY43: 52 | BZ43: 38 | CA43: 43.2 | CB43: 38.4 | CC43: 36 | CD43: 43.71 | CE43: 57.03 | CI43: 8329 | CJ43: set/25
A44: 45866 | B44: 1473.93 | C44: 2839.42 | D44: 7.16 | E44: 8.07 | F44: 1822.71 | G44: 1018.32 | H44: 360 | I44: dez/25 | J44: 132129.26 | K44: 5604 | L44: ago/25 | M44: 312 | N44: ago/25 | O44: 65.01 | P44: set/25 | Q44: 22.29 | R44: nov/25 | S44: 9.8875 | T44: ago/25 | U44: 3.9375 | V44: set/25 | W44: 264.9 | X44: ago/25 | Y44: 0.5655 | Z44: ago/25 | AA44: 409.48 | AB44: 120.94 | AC44: 292.5 | AD44: 298.71 | AE44: 283.62 | AF44: 270.11 | AG44: 278.64 | AH44: 268.75 | AI44: 291.86 | AJ44: 257.32 | AK44: 262.76 | AL44: 7.81 | AM44: 7.59 | AN44: 7.61 | AO44: 7.52 | AP44: 7.16 | AQ44: 143.11 | AR44: 156.95 | BH44: 1288.17 | BI44: 69.2 | BK44: 239.05 | BL44: 212.59 | BM44: 223.84 | BO44: 132.33 | BQ44: 125.86 | BX44: 41 | BY44: 52 | BZ44: 37.5 | CA44: 43.2 | CB44: 38.4 | CC44: 36 | CD44: 43.39 | CE44: 56.7 | CI44: 8518 | CJ44: set/25
A45: 45867 | B45: 1474.29 | C45: 2819.73 | D45: 7.11 | E45: 8.01 | F45: 1801.23 | G45: 1009.02 | H45: 359.45 | I45: dez/25 | J45: 132725.68 | K45: 5570 | L45: ago/25 | M45: 311.4 | N45: ago/25 | O45: 65.15 | P45: set/25 | Q45: 22.27 | R45: nov/25 | S45: 9.8175 | T45: ago/25 | U45: 3.8925 | V45: set/25 | W45: 261.7 | X45: ago/25 | Y45: 0.5754 | Z45: ago/25 | AA45: 412.31 | AB45: 120.62 | AC45: 293.84 | AD45: 301.31 | AE45: 286.39 | AF45: 273.03 | AG45: 278.75 | AH45: 269.35 | AI45: 290.85 | AJ45: 258.19 | AK45: 261.95 | AL45: 7.73 | AM45: 7.55 | AN45: 7.59 | AO45: 7.53 | AP45: 7.11 | AQ45: 143.11 | AR45: 157.48 | BH45: 1288.17 | BI45: 69.37 | BK45: 241.51 | BL45: 209.65 | BM45: 220.38 | BO45: 133.81 | BQ45: 126.01 | BX45: 41 | BY45: 52 | BZ45: 38 | CA45: 43.2 | CB45: 40.8 | CC45: 38.4 | CD45: 43.24 | CE45: 55.58 | CI45: 8220 | CJ45: set/25
A46: 45868 | B46: 1476.65 | C46: 2826.6 | D46: 7.11 | E46: 8.02 | F46: 1797.02 | G46: 1027.07 | H46: 354.95 | I46: dez/25 | J46: 133989.74 | K46: 5564.5 | L46: ago/25 | M46: 316.15 | N46: ago/25 | O46: 66.81 | P46: set/25 | Q46: 21.99 | R46: nov/25 | S46: 9.6775 | T46: ago/25 | U46: 3.9175 | V46: set/25 | W46: 260.7 | X46: ago/25 | Y46: 0.565 | Z46: ago/25 | AA46: 409.42 | AB46: 120.6 | AC46: 294.39 | AD46: 303.91 | AE46: 286.54 | AF46: 288.1 | AG46: 280.16 | AH46: 275.45 | AI46: 290.84 | AJ46: 259 | AK46: 259.75 | AL46: 7.72 | AM46: 7.52 | AN46: 7.56 | AO46: 7.51 | AP46: 7.11 | AQ46: 143.11 | AR46: 156.94 | BH46: 1288.17 | BI46: 69.32 | BK46: 240.95 | BL46: 210.51 | BM46: 219.75 | BO46: 133.23 | BQ46: 125.98 | BX46: 41 | BY46: 52 | BZ46: 38 | CA46: 43.2 | CB46: 40.8 | CC46: 38.4 | CD46: 43.61 | CE46: 55.35 | CI46: 8192 | CJ46: set/25
A47: 45869 | B47: 1477.25 | C47: 2815.24 | D47: 7.22 | E47: 7.99 | F47: 1811.87 | G47: 1028.45 | H47: 351.4 | I47: dez/25 | J47: 133071.05 | K47: 5602 | L47: ago/25 | M47: 313.9 | N47: ago/25 | O47: 66.74 | P47: set/25 | Q47: 21.8 | R47: nov/25 | S47: 9.6175 | T47: ago/25 | U47: 3.94 | V47: set/25 | W47: 261.8 | X47: ago/25 | Y47: 0.5558 | Z47: ago/25 | AA47: 413.4 | AB47: 120.45 | AC47: 294.55 | AD47: 306.17 | AE47: 290.37 | AF47: 287.96 | AG47: 282.36 | AH47: 275.12 | AI47: 292.61 | AJ47: 259.43 | AK47: 259.97 | AL47: 7.72 | AM47: 7.53 | AN47: 7.56 | AO47: 7.5 | AP47: 7.22 | AQ47: 143.11 | AR47: 156.94 | BH47: 1298.66 | BI47: 69.38 | BK47: 243.55 | BL47: 208.14 | BM47: 219 | BO47: 131.56 | BQ47: 126.56 | BX47: 41 | BY47: 52 | BZ47: 38 | CA47: 43.2 | CB47: 40.8 | CC47: 38.4 | CD47: 43.44 | CE47: 55.59 | CI47: 8506 | CJ47: set/25
A48: 45870 | B48: 1456.28 | C48: 2817.53 | D48: 7.22 | E48: 8.07 | F48: 1772.27 | G48: 1029.6 | H48: 345 | I48: dez/25 | J48: 132437.39 | K48: 5595 | L48: set/25 | M48: 323.3 | N48: set/25 | O48: 66.96 | P48: set/25 | Q48: 21.8 | R48: nov/25 | S48: 9.695 | T48: set/25 | U48: 3.895 | V48: set/25 | W48: 270.9 | X48: set/25 | Y48: 0.5448 | Z48: set/25 | AA48: 410.61 | AB48: 119.34 | AC48: 297.85 | AD48: 306.98 | AE48: 291.32 | AF48: 284.99 | AG48: 282.73 | AH48: 275.48 | AI48: 294.44 | AJ48: 260.92 | AK48: 261.95 | AL48: 7.77 | AM48: 7.54 | AN48: 7.65 | AO48: 7.54 | AP48: 7.22 | AQ48: 149.09 | AR48: 159.99 | AS48: 2.54 | AT48: 2.62 | AU48: 2.44 | AV48: 2.65 | AW48: 2.58 | AX48: 2.44 | AY48: 2.43 | AZ48: 2.5 | BA48: 2.49 | BB48: 2.5 | BC48: 7.93 | BD48: 8.37 | BE48: 8.51 | BF48: 7.16 | BG48: 8.15 | BH48: 1295.71 | BI48: 69.41 | BK48: 243.91 | BL48: 208.82 | BM48: 218.7 | BN48: 212 | BO48: 133.64 | BQ48: 126.33 | BS48: 2.6239 | BT48: 2.9996 | BU48: 482.4 | BV48: 398.88 | BW48: 461.76 | BX48: 39 | BY48: 52 | BZ48: 37.5 | CA48: 43.2 | CB48: 40.8 | CC48: 38.4 | CD48: 43.44 | CE48: 55.26 | CI48: 8232 | CJ48: set/25
A49: 45873 | B49: 1455.71 | C49: 2808.21 | D49: 7.26 | E49: 8.1 | F49: 1771.03 | G49: 1015.06 | H49: 348 | I49: dez/25 | J49: 132971.2 | K49: 5550 | L49: set/25 | M49: 328.35 | N49: set/25 | O49: 66.6 | P49: set/25 | Q49: 21.92 | R49: nov/25 | S49: 9.7525 | T49: set/25 | U49: 3.87 | V49: set/25 | W49: 277 | X49: set/25 | Y49: 0.544 | Z49: set/25 | AA49: 402.54 | AB49: 119.24 | AC49: 299.17 | AD49: 307.32 | AE49: 291.96 | AF49: 272.61 | AG49: 283.01 | AH49: 277.71 | AI49: 294.15 | AJ49: 260.53 | AK49: 262.51 | AL49: 7.98 | AM49: 7.64 | AN49: 7.72 | AO49: 7.65 | AP49: 7.27 | AQ49: 149.09 | AR49: 160.26 | BH49: 1297.45 | BI49: 69.07 | BK49: 243.53 | BL49: 210.04 | BM49: 217.25 | BN49: 209.76 | BO49: 133.97 | BQ49: 125.5 | BX49: 39 | BY49: 52 | BZ49: 37.5 | CA49: 44 | CB49: 40.8 | CC49: 38.4 | CD49: 45.44 | CE49: 55.05 | CI49: 8102 | CJ49: set/25
A50: 45874 | B50: 1451.23 | C50: 2815.13 | D50: 7.27 | E50: 8.09 | F50: 1799.43 | G50: 1018.5 | H50: 356.5 | I50: dez/25 | J50: 133151.3 | K50: 5541 | L50: set/25 | M50: 325.5 | N50: set/25 | O50: 65.72 | P50: set/25 | Q50: 21.84 | R50: nov/25 | S50: 9.715 | T50: set/25 | U50: 3.815 | V50: set/25 | W50: 277 | X50: set/25 | Y50: 0.5377 | Z50: set/25 | AA50: 398.05 | AB50: 120.54 | AC50: 303.48 | AD50: 309.23 | AE50: 292.79 | AF50: 280.62 | AG50: 294.3 | AH50: 277.77 | AI50: 295.86 | AJ50: 259.95 | AK50: 262.8 | AL50: 8.03 | AM50: 7.66 | AN50: 7.72 | AO50: 7.76 | AP50: 7.29 | AQ50: 149.09 | AR50: 160.26 | BH50: 1301.42 | BI50: 69.58 | BK50: 236.93 | BL50: 204 | BM50: 215.07 | BO50: 133.28 | BQ50: 123.4 | BX50: 39 | BY50: 52 | BZ50: 37.5 | CA50: 44.8 | CB50: 40.8 | CC50: 38.4 | CD50: 45.44 | CE50: 55.71 | CI50: 8363 | CJ50: set/25
A51: 45875 | B51: 1451.25 | C51: 2812.4 | D51: 7.31 | E51: 8.15 | F51: 1785.07 | G51: 1003.61 | H51: 351.9 | I51: dez/25 | J51: 134537.62 | K51: 5497 | L51: set/25 | M51: 323.1 | N51: set/25 | O51: 65.5 | P51: set/25 | Q51: 21.72 | R51: nov/25 | S51: 9.655 | T51: set/25 | U51: 3.7975 | V51: set/25 | W51: 272.6 | X51: set/25 | Y51: 0.5372 | Z51: set/25 | AA51: 399.18 | AB51: 120.36 | AC51: 306.1 | AD51: 311.4 | AE51: 294.58 | AF51: 282.73 | AG51: 294.58 | AH51: 280.85 | AI51: 299.03 | AJ51: 261.52 | AK51: 263.58 | AL51: 8.04 | AM51: 7.69 | AN51: 7.72 | AO51: 7.77 | AP51: 7.43 | AQ51: 149.09 | AR51: 160.68 | BH51: 1298.68 | BI51: 69.54 | BK51: 232.29 | BL51: 203.36 | BM51: 213.78 | BO51: 131.86 | BQ51: 126.52 | BX51: 39 | BY51: 52 | BZ51: 37.5 | CA51: 45.6 | CD51: 45.44 | CE51: 55.37 | CI51: 8470 | CJ51: set/25
A52: 45876 | B52: 1451.92 | C52: 2815.56 | D52: 7.32 | E52: 8.15 | F52: 1790.66 | G52: 1032.33 | H52: 355 | I52: dez/25 | J52: 136527.61 | K52: 5480.5 | L52: set/25 | M52: 324.65 | N52: set/25 | O52: 65.78 | P52: set/25 | Q52: 21.93 | R52: nov/25 | S52: 9.74 | T52: set/25 | U52: 3.845 | V52: set/25 | W52: 276.1 | X52: set/25 | Y52: 0.535 | Z52: set/25 | AA52: 400.12 | AB52: 120.04 | AC52: 306.36 | AD52: 311.58 | AE52: 295.23 | AF52: 286.42 | AG52: 294.75 | AH52: 283.44 | AI52: 300.59 | AJ52: 268.99 | AK52: 263.6 | AL52: 8.04 | AM52: 7.78 | AN52: 7.77 | AO52: 7.82 | AP52: 7.43 | AQ52: 149.09 | AR52: 160.55 | BH52: 1298.69 | BI52: 69.17 | BK52: 232.32 | BL52: 201.24 | BM52: 211.04 | BN52: 202.2 | BO52: 128.96 | BQ52: 125.37 | BX52: 39 | BY52: 52 | BZ52: 37.5 | CA52: 45.6 | CD52: 45.38 | CE52: 55.15 | CI52: 8644 | CJ52: set/25
A53: 45877 | B53: 1453.88 | C53: 2808.26 | D53: 7.29 | E53: 8.31 | F53: 1814.7 | G53: 1051.41 | H53: 367.3 | I53: dez/25 | J53: 135913.25 | K53: 5463 | L53: set/25 | M53: 323.45 | N53: set/25 | O53: 65.19 | P53: set/25 | Q53: 21.79 | R53: nov/25 | S53: 9.6775 | T53: set/25 | U53: 3.8275 | V53: set/25 | W53: 276.6 | X53: set/25 | Y53: 0.5271 | Z53: set/25 | AA53: 399.51 | AB53: 119.83 | AC53: 306.05 | AD53: 311.59 | AE53: 296.57 | AF53: 282.62 | AG53: 295.16 | AH53: 284.77 | AI53: 302.48 | AJ53: 270.43 | AK53: 271.51 | AL53: 8.11 | AM53: 7.8 | AN53: 7.83 | AO53: 7.87 | AP53: 7.4 | AQ53: 154.87 | AR53: 170.1 | BC53: 7.92 | BD53: 8.33 | BE53: 8.48 | BF53: 7.15 | BG53: 8.12 | BH53: 1298.75 | BI53: 68.86 | BK53: 230.46 | BL53: 200.82 | BM53: 210.69 | BN53: 197.12 | BO53: 129.55 | BQ53: 125.04 | BS53: 2.6296 | BT53: 3.058 | BU53: 472.24 | BV53: 394.39 | BW53: 455.25 | BX53: 39 | BY53: 52 | BZ53: 37.5 | CA53: 45.6 | CD53: 45.38 | CE53: 55.59 | CI53: 8526 | CJ53: set/25
A54: 45880 | B54: 1464.9 | C54: 2811.94 | D54: 7.36 | E54: 8.58 | F54: 1859.12 | G54: 1073.47 | H54: 384 | I54: dez/25 | J54: 135623.15 | K54: 5472.5 | L54: set/25 | M54: 320.95 | N54: set/25 | O54: 65.3 | P54: set/25 | Q54: 22.28 | R54: nov/25 | S54: 9.9175 | T54: set/25 | U54: 3.85 | V54: set/25 | W54: 280.8 | X54: set/25 | Y54: 0.5319 | Z54: set/25 | AA54: 400.84 | AB54: 119.33 | AC54: 307.27 | AD54: 312.82 | AE54: 296.1 | AF54: 282.22 | AG54: 295.03 | AH54: 286.58 | AI54: 302.21 | AJ54: 271.27 | AK54: 282.92 | AL54: 8.3 | AM54: 7.96 | AN54: 7.95 | AO54: 8.04 | AP54: 7.47 | AQ54: 154.8 | AR54: 170.55 | BH54: 1302.09 | BI54: 69.02 | BK54: 229.08 | BL54: 201.04 | BM54: 210.17 | BN54: 191.68 | BO54: 130.02 | BQ54: 122.96 | BX54: 40 | BY54: 52 | BZ54: 37.5 | CA54: 44.8 | CB54: 41.6 | CC54: 38.4 | CD54: 46.48 | CE54: 56.21 | CI54: 8778 | CJ54: set/25
A55: 45881 | B55: 1462.21 | C55: 2840.61 | D55: 7.36 | E55: 8.57 | F55: 1839.05 | G55: 1073.47 | H55: 379.1 | I55: dez/25 | J55: 137913.68 | K55: 5415.5 | L55: set/25 | M55: 321.4 | N55: set/25 | O55: 64.75 | P55: set/25 | Q55: 22.76 | R55: nov/25 | S55: 10.1275 | T55: set/25 | U55: 3.715 | V55: set/25 | W55: 281.4 | X55: set/25 | Y55: 0.5324 | Z55: set/25 | AA55: 403.24 | AB55: 119.92 | AC55: 308.63 | AD55: 312.36 | AE55: 297.17 | AF55: 286.31 | AG55: 299.79 | AH55: 286.78 | AI55: 305.18 | AJ55: 274.54 | AK55: 278.43 | AL55: 8.44 | AM55: 8.13 | AN55: 7.96 | AO55: 8.04 | AP55: 7.47 | AQ55: 154.8 | AR55: 170.55 | BH55: 1316.63 | BI55: 68.65 | BK55: 225.25 | BL55: 202.45 | BM55: 211.85 | BN55: 193.16 | BO55: 130.13 | BQ55: 122.59 | BX55: 40 | BY55: 52 | BZ55: 37.5 | CA55: 44.8 | CB55: 41.6 | CC55: 38.4 | CD55: 46.63 | CE55: 55.37 | CI55: 8793 | CJ55: set/25
A56: 45882 | B56: 1453.33 | C56: 2872.47 | D56: 7.37 | E56: 8.57 | F56: 1877.86 | G56: 1163.3 | H56: 383 | I56: dez/25 | J56: 136687.32 | K56: 5426.5 | L56: set/25 | M56: 320.9 | N56: set/25 | O56: 64.84 | P56: set/25 | Q56: 23.02 | R56: nov/25 | S56: 10.24 | T56: set/25 | U56: 3.74 | V56: set/25 | W56: 287 | X56: set/25 | Y56: 0.5339 | Z56: set/25 | AA56: 399.67 | AB56: 119.85 | AL56: 8.45 | AM56: 8.16 | AN56: 7.96 | AO56: 8.06 | AP56: 7.46 | AQ56: 154.8 | AR56: 170.55 | BH56: 1287.31 | BI56: 68.64 | BK56: 230.25 | BL56: 199.92 | BM56: 210.69 | BN56: 186.36 | BO56: 128.12 | BQ56: 123.04 | BR56: 129.25 | BX56: 40 | BY56: 52 | BZ56: 37.5 | CA56: 43.6 | CB56: 41.6 | CC56: 38.4 | CD56: 46.48 | CE56: 56.2 | CI56: 8566 | CJ56: set/25
A57: 45883 | B57: 1426.13 | C57: 2878.24 | D57: 7.37 | E57: 8.57 | F57: 1893.31 | G57: 1179.05 | H57: 390 | I57: dez/25 | J57: 136355.78 | K57: 5435 | L57: set/25 | M57: 318.5 | N57: set/25 | O57: 64.54 | P57: set/25 | Q57: 22.76 | R57: nov/25 | S57: 10.075 | T57: set/25 | U57: 3.75 | V57: set/25 | W57: 284.3 | X57: set/25 | Y57: 0.5199 | Z57: set/25 | AA57: 398.92 | AB57: 119.65 | AC57: 308.53 | AD57: 312.42 | AE57: 296.32 | AF57: 287.97 | AG57: 298.89 | AH57: 287.48 | AI57: 306.06 | AJ57: 275.25 | AK57: 272.06 | AL57: 8.45 | AM57: 8.17 | AN57: 7.96 | AO57: 8.08 | AP57: 7.46 | AQ57: 154.77 | AR57: 170.05 | BH57: 1287.31 | BI57: 68.56 | BK57: 230.81 | BL57: 198.89 | BM57: 211.42 | BN57: 185.5 | BO57: 126.44 | BQ57: 121.82 | BR57: 129.25 | BX57: 40 | BY57: 52 | BZ57: 37.5 | CA57: 43.6 | CB57: 41.6 | CC57: 38.4 | CD57: 47.16 | CE57: 56.2 | CI57: 8225 | CJ57: set/25
A58: 45884 | B58: 1422.97 | C58: 2878.17 | D58: 7.38 | E58: 8.82 | F58: 1942.14 | G58: 1231.19 | H58: 410.95 | I58: dez/25 | J58: 136340.77 | K58: 5421 | L58: set/25 | M58: 317.05 | N58: set/25 | O58: 64.81 | P58: set/25 | Q58: 22.96 | R58: nov/25 | S58: 10.2225 | T58: set/25 | U58: 3.8375 | V58: set/25 | W58: 283.4 | X58: set/25 | Y58: 0.5318 | Z58: set/25 | AA58: 401.4 | AB58: 121.18 | AC58: 308.98 | AD58: 312.14 | AE58: 300.26 | AF58: 287.2 | AG58: 299.08 | AH58: 294.57 | AI58: 305.18 | AJ58: 275.04 | AK58: 280.9 | AL58: 8.6 | AM58: 8.19 | AN58: 8.01 | AO58: 8.11 | AP58: 7.4 | AQ58: 154.87 | AR58: 170.05 | BC58: 7.91 | BD58: 8.3 | BE58: 8.47 | BF58: 7.12 | BG58: 8.1 | BH58: 1284.48 | BI58: 68.75 | BK58: 231.29 | BL58: 199.53 | BM58: 211.07 | BN58: 186.11 | BO58: 126.44 | BQ58: 122.37 | BR58: 129.25 | BS58: 2.6551 | BT58: 3.0884 | BU58: 468.01 | BV58: 388.05 | BW58: 443.29 | BX58: 40 | BY58: 52 | BZ58: 37.5 | CA58: 43.6 | CB58: 41.6 | CC58: 38.4 | CD58: 47.16 | CE58: 57.29 | CI58: 8235 | CJ58: set/25
A59: 45887 | B59: 1425.46 | C59: 2902.84 | D59: 7.35 | E59: 8.94 | F59: 1972.55 | G59: 1231.4 | H59: 413.5 | I59: dez/25 | J59: 137321.64 | K59: 5454.5 | L59: set/25 | M59: 316.3 | N59: set/25 | O59: 65.9 | P59: set/25 | Q59: 22.98 | R59: nov/25 | S59: 10.2075 | T59: set/25 | U59: 3.83 | V59: set/25 | W59: 280.4 | X59: set/25 | Y59: 0.5327 | Z59: set/25 | AA59: 397.76 | AB59: 121.11 | AC59: 308.78 | AD59: 312.06 | AE59: 300.01 | AF59: 286.67 | AG59: 297.83 | AH59: 295.08 | AI59: 305.26 | AJ59: 275.19 | AK59: 282.15 | AL59: 8.77 | AM59: 8.35 | AN59: 8.11 | AO59: 8.22 | AP59: 7.36 | AQ59: 154.97 | AR59: 170.05 | BH59: 1287.86 | BI59: 68.62 | BK59: 232 | BL59: 202.03 | BM59: 212.34 | BN59: 187.5 | BO59: 128.49 | BQ59: 119.49 | BR59: 122.83 | BX59: 40 | BY59: 52 | BZ59: 39 | CA59: 43.6 | CB59: 40.8 | CC59: 40 | CD59: 47.16 | CE59: 56.88 | CI59: 8047 | CJ59: set/25
A60: 45888 | B60: 1422.16 | C60: 2890.64 | D60: 7.33 | E60: 9 | F60: 2031.55 | G60: 1299.95 | H60: 429.75 | I60: dez/25 | J60: 134432.26 | K60: 5508.5 | L60: set/25 | M60: 319.75 | N60: set/25 | O60: 66.21 | P60: set/25 | Q60: 22.79 | R60: nov/25 | S60: 10.13 | T60: set/25 | U60: 3.795 | V60: set/25 | W60: 287.4 | X60: set/25 | Y60: 0.5168 | Z60: set/25 | AA60: 399.8 | AB60: 120.49 | AC60: 311.11 | AD60: 312.16 | AE60: 299.9 | AF60: 288.71 | AG60: 298.91 | AH60: 293.22 | AI60: 305.66 | AJ60: 278.25 | AK60: 284.73 | AL60: 8.83 | AM60: 8.49 | AN60: 8.24 | AO60: 8.37 | AP60: 7.34 | AQ60: 155.03 | AR60: 170.16 | BH60: 1283.59 | BI60: 67.96 | BJ60: 249.49 | BK60: 236.79 | BL60: 203.46 | BM60: 215.56 | BN60: 190.81 | BO60: 125.79 | BQ60: 118.31 | BX60: 40 | BY60: 52 | BZ60: 39 | CA60: 43.6 | CB60: 40.8 | CC60: 40 | CD60: 47.39 | CE60: 56.58 | CI60: 8012 | CJ60: set/25
A61: 45889 | B61: 1420.97 | C61: 2874.39 | D61: 7.27 | E61: 9 | F61: 2134.15 | G61: 1383.84 | H61: 436.4 | I61: dez/25 | J61: 134666.46 | K61: 5486.5 | L61: set/25 | M61: 320.55 | N61: set/25 | O61: 65.25 | P61: set/25 | Q61: 22.8 | R61: nov/25 | S61: 10.15 | T61: set/25 | U61: 3.8 | V61: set/25 | W61: 292 | X61: set/25 | Y61: 0.512 | Z61: set/25 | AA61: 393.22 | AB61: 119.34 | AC61: 311.21 | AD61: 311.97 | AE61: 299.2 | AF61: 290.32 | AG61: 298.77 | AH61: 290.25 | AI61: 305.53 | AJ61: 278.2 | AK61: 285.06 | AL61: 8.83 | AM61: 8.49 | AN61: 8.31 | AO61: 8.37 | AP61: 7.27 | AQ61: 154.71 | AR61: 170.16 | BH61: 1284.87 | BI61: 67.9 | BJ61: 249.49 | BK61: 238.68 | BL61: 206.19 | BM61: 215.42 | BN61: 193.69 | BO61: 125.12 | BQ61: 117.41 | BX61: 41 | BY61: 52 | BZ61: 39 | CA61: 43.6 | CD61: 47.4 | CE61: 57.4 | CI61: 7675 | CJ61: set/25
A62: 45890 | B62: 1419.57 | C62: 2869.68 | D62: 7.27 | E62: 9 | F62: 2181.57 | G62: 1424.45 | H62: 446.5 | I62: dez/25 | J62: 134510.85 | K62: 5489.5 | L62: set/25 | M62: 317.5 | N62: set/25 | O62: 66.33 | P62: set/25 | Q62: 23.27 | R62: nov/25 | S62: 10.345 | T62: set/25 | U62: 3.8725 | V62: set/25 | W62: 296.8 | X62: set/25 | Y62: 0.5364 | Z62: set/25 | AA62: 392.43 | AB62: 120.21 | AL62: 8.83 | AM62: 8.52 | AN62: 8.31 | AO62: 8.38 | AP62: 7.27 | AQ62: 154.73 | AR62: 170.72 | BH62: 1283.02 | BI62: 67.89 | BJ62: 250.59 | BK62: 241.5 | BL62: 209.56 | BM62: 215.71 | BN62: 196.45 | BO62: 128.39 | BQ62: 117.3 | BX62: 41 | BY62: 52 | BZ62: 39 | CA62: 43.6 | CB62: 40.8 | CC62: 40 | CD62: 47.02 | CE62: 57.55 | CI62: 7435 | CJ62: set/25
A63: 45891 | B63: 1419.96 | C63: 2868.11 | D63: 7.25 | E63: 9.17 | F63: 2228.39 | G63: 1452.77 | H63: 465.4 | I63: dez/25 | J63: 137968.15 | K63: 5435 | L63: set/25 | M63: 319.6 | N63: set/25 | O63: 66.1 | P63: set/25 | Q63: 23.31 | R63: nov/25 | S63: 10.365 | T63: set/25 | U63: 3.8825 | V63: set/25 | W63: 296.7 | X63: set/25 | Y63: 0.5484 | Z63: set/25 | AA63: 394.07 | AB63: 120.42 | AC63: 310.09 | AD63: 311.97 | AE63: 301.64 | AF63: 289.8 | AG63: 298.45 | AH63: 289.4 | AI63: 305.89 | AJ63: 279.59 | AK63: 285.33 | AL63: 8.88 | AM63: 8.54 | AN63: 8.41 | AO63: 8.41 | AP63: 7.25 | AQ63: 149.07 | AR63: 163.81 | BC63: 7.89 | BD63: 8.29 | BE63: 8.44 | BF63: 7.11 | BG63: 8.06 | BH63: 1283.02 | BI63: 67.85 | BJ63: 250.59 | BK63: 244.18 | BL63: 208.88 | BM63: 218.25 | BN63: 195.22 | BO63: 130.6 | BQ63: 118.27 | BS63: 2.683 | BT63: 3.0848 | BU63: 466.45 | BV63: 391.35 | BW63: 439.57 | BX63: 42 | BY63: 52 | BZ63: 39 | CA63: 43.6 | CB63: 40.8 | CC63: 40 | CD63: 47.02 | CE63: 56.93 | CI63: 7582 | CJ63: set/25
A64: 45894 | B64: 1416.56 | C64: 2850.34 | D64: 7.25 | E64: 9.25 | F64: 2287.56 | G64: 1469.43 | H64: 463.7 | I64: dez/25 | J64: 138025.17 | K64: 5420.5 | L64: set/25 | M64: 320 | N64: set/25 | O64: 66.09 | P64: set/25 | Q64: 23.08 | R64: nov/25 | S64: 10.255 | T64: set/25 | U64: 3.8925 | V64: set/25 | W64: 295.7 | X64: set/25 | Y64: 0.5431 | Z64: set/25 | AA64: 390.62 | AB64: 119.54 | AC64: 309.86 | AD64: 312.28 | AE64: 300.01 | AF64: 288.29 | AG64: 297.46 | AH64: 291.2 | AI64: 308.01 | AJ64: 279.37 | AK64: 286.05 | AL64: 9.01 | AM64: 8.77 | AN64: 8.64 | AO64: 8.61 | AP64: 7.25 | AQ64: 148.97 | AR64: 164.18 | BH64: 1283.02 | BI64: 67.74 | BJ64: 254.96 | BK64: 245.25 | BL64: 208.58 | BM64: 217.47 | BN64: 195.5 | BO64: 130.07 | BQ64: 119.21 | BX64: 42 | BY64: 52 | BZ64: 39 | CA64: 43.6 | CB64: 40.8 | CC64: 40 | CD64: 47.52 | CE64: 57.49 | CI64: 7957 | CJ64: set/25
A65: 45895 | B65: 1407.72 | C65: 2853.45 | D65: 7.22 | E65: 9.38 | F65: 2265.81 | G65: 1510.92 | H65: 458 | I65: dez/25 | J65: 137771.39 | K65: 5437 | L65: set/25 | M65: 319.15 | N65: set/25 | O65: 66.12 | P65: set/25 | Q65: 23.13 | R65: nov/25 | S65: 10.2875 | T65: set/25 | U65: 3.875 | V65: set/25 | W65: 297.2 | X65: set/25 | Y65: 0.5276 | Z65: set/25 | AA65: 391.26 | AB65: 119.04 | AL65: 9.14 | AM65: 8.93 | AN65: 8.7 | AO65: 8.69 | AP65: 7.23 | AQ65: 148.97 | AR65: 164.18 | BH65: 1283.02 | BI65: 67.4 | BJ65: 254.96 | BK65: 245.94 | BL65: 207.26 | BM65: 220.09 | BN65: 194.97 | BO65: 131.06 | BQ65: 117.21 | BX65: 42 | BY65: 52 | BZ65: 39 | CA65: 43.6 | CB65: 40.8 | CC65: 40 | CD65: 47.4 | CE65: 57.96 | CI65: 7532 | CJ65: set/25
A66: 45896 | B66: 1404.77 | C66: 2879.75 | D66: 7.19 | E66: 9.38 | F66: 2299.66 | G66: 1548.95 | H66: 473.95 | I66: dez/25 | J66: 139205.81 | K66: 5423.5 | L66: set/25 | M66: 319.1 | N66: set/25 | O66: 65.72 | P66: set/25 | Q66: 23.08 | R66: nov/25 | S66: 10.2725 | T66: set/25 | U66: 3.825 | V66: set/25 | W66: 293.1 | X66: set/25 | Y66: 0.5247 | Z66: set/25 | AA66: 390.63 | AB66: 117.83 | AC66: 312.04 | AD66: 313.95 | AE66: 299.5 | AF66: 291.9 | AG66: 298.38 | AH66: 291.2 | AI66: 305.65 | AJ66: 282.98 | AK66: 285.27 | AL66: 9.14 | AM66: 8.95 | AN66: 8.7 | AO66: 8.72 | AP66: 7.19 | AQ66: 148.97 | AR66: 164.18 | BH66: 1283.02 | BI66: 67.38 | BK66: 245.44 | BL66: 207.28 | BM66: 220.02 | BN66: 195.27 | BO66: 132.25 | BQ66: 117.2 | BX66: 42 | BY66: 52 | BZ66: 39 | CA66: 43.6 | CD66: 47.39 | CE66: 57.81 | CI66: 7731 | CJ66: set/25
A67: 45897 | B67: 1408.3 | C67: 2895.34 | D67: 7.18 | E67: 9.38 | F67: 2301.68 | G67: 1529.97 | H67: 464.5 | I67: dez/25 | J67: 141049.2 | K67: 5415.5 | L67: set/25 | M67: 318.35 | N67: set/25 | O67: 65.09 | P67: set/25 | Q67: 23.09 | R67: nov/25 | S67: 10.2825 | T67: set/25 | U67: 3.855 | V67: set/25 | W67: 286.3 | X67: set/25 | Y67: 0.5175 | Z67: set/25 | AA67: 390.22 | AB67: 118.6 | AC67: 312.94 | AD67: 314.45 | AE67: 299.21 | AF67: 292.56 | AG67: 297.61 | AH67: 291.2 | AI67: 305.21 | AJ67: 285.02 | AK67: 285.61 | AL67: 9.14 | AM67: 8.94 | AN67: 8.7 | AO67: 8.72 | AP67: 7.19 | AQ67: 149.15 | AR67: 164.18 | BH67: 1288.81 | BI67: 67.32 | BK67: 243.22 | BL67: 208.76 | BM67: 219.78 | BN67: 195.86 | BO67: 132.57 | BQ67: 117.95 | BX67: 42 | BY67: 52 | BZ67: 39 | CA67: 43.6 | CD67: 47.76 | CE67: 57.64 | CI67: 7738 | CJ67: set/25
A68: 45898 | B68: 1408.3 | C68: 2891.76 | D68: 7.18 | E68: 9.38 | F68: 2323.06 | G68: 1534.41 | H68: 473 | I68: dez/25 | J68: 141422.26 | K68: 5426.5 | L68: set/25 | M68: 317.25 | N68: set/25 | O68: 65.45 | P68: set/25 | Q68: 23.23 | R68: nov/25 | S68: 10.3675 | T68: set/25 | U68: 3.98 | V68: set/25 | W68: 283.6 | X68: set/25 | Y68: 0.5147 | Z68: set/25 | AA68: 390.68 | AB68: 118.44 | AC68: 313.04 | AD68: 315 | AE68: 299.57 | AF68: 293 | AG68: 297.37 | AH68: 291.13 | AI68: 305.34 | AJ68: 284.43 | AK68: 285.92 | AL68: 9.14 | AM68: 8.94 | AN68: 8.69 | AO68: 8.72 | AP68: 7.19 | AQ68: 149.15 | AR68: 164.18 | BC68: 7.89 | BD68: 8.27 | BE68: 8.42 | BF68: 7.1 | BG68: 8.04 | BH68: 1283.87 | BI68: 67.26 | BK68: 242.77 | BL68: 209.16 | BM68: 220.75 | BN68: 194.8 | BO68: 132.57 | BQ68: 118.51 | BS68: 2.7413 | BT68: 3.1226 | BU68: 472.04 | BV68: 398.01 | BW68: 436.4 | BX68: 42 | BY68: 52 | BZ68: 39 | CA68: 43.6 | CD68: 47.76 | CE68: 57.64 | CI68: 7635 | CJ68: set/25
A69: 45901 | B69: 1408.88 | C69: 2896.83 | D69: 7.06 | E69: 9.4 | F69: 2332.86 | G69: 1474.4 | H69: 466.15 | I69: dez/25 | J69: 141283.01 | M69: 322.55 | N69: out/25 | O69: 69.6 | P69: nov/25 | AA69: 388.08 | AB69: 118.84 | AC69: 313.13 | AD69: 315.13 | AE69: 298.02 | AF69: 291.89 | AG69: 296.39 | AH69: 291.14 | AI69: 305.76 | AJ69: 283.11 | AK69: 285.7 | AL69: 9.14 | AM69: 8.96 | AN69: 8.7 | AO69: 8.79 | AP69: 7.08 | AQ69: 149.25 | AR69: 164.29 | AS69: 2.44 | AT69: 2.53 | AU69: 2.34 | AV69: 2.56 | AW69: 2.46 | AX69: 2.34 | AY69: 2.36 | AZ69: 2.47 | BA69: 2.58 | BB69: 2.55 | BH69: 1283.33 | BI69: 67.25 | BK69: 245.63 | BL69: 210.1 | BM69: 221.47 | BN69: 194.71 | BO69: 131.73 | BQ69: 119.2 | BY69: 52 | BZ69: 39 | CA69: 43.6 | CD69: 48.04 | CE69: 57.49
A70: 45902 | B70: 1408.24 | C70: 2915.43 | D70: 7.01 | E70: 9.47 | F70: 2299.01 | G70: 1431.92 | H70: 462.8 | I70: dez/25 | J70: 140335.16 | K70: 5505.5 | L70: out/25 | M70: 322.95 | N70: out/25 | O70: 69.12 | P70: nov/25 | Q70: 22.94 | R70: nov/25 | S70: 10.41 | T70: nov/25 | U70: 4.23 | V70: dez/25 | W70: 278.3 | X70: out/25 | Y70: 0.5226 | Z70: out/25 | AA70: 387.25 | AB70: 118.99 | AC70: 313.18 | AD70: 315.49 | AE70: 299.59 | AF70: 290.38 | AG70: 298.68 | AH70: 290.31 | AI70: 306 | AJ70: 283.38 | AK70: 286.7 | AL70: 9.15 | AM70: 8.97 | AN70: 8.69 | AO70: 8.8 | AP70: 7.02 | AQ70: 149.33 | AR70: 164.27 | BH70: 1282.12 | BI70: 66.77 | BK70: 245.48 | BL70: 209.92 | BM70: 222.15 | BN70: 200.75 | BO70: 129.73 | BQ70: 119.09 | BR70: 106.87 | BX70: 42 | BY70: 52 | BZ70: 39 | CA70: 43.6 | CD70: 48.11 | CE70: 57.61 | CI70: 7546 | CJ70: dez/25
A71: 45903 | B71: 1398.67 | C71: 2908.59 | D71: 7.04 | E71: 9.45 | F71: 2300.2 | G71: 1427.76 | H71: 460 | I71: dez/25 | J71: 139863.63 | K71: 5485 | L71: out/25 | M71: 320.7 | N71: out/25 | O71: 68.99 | P71: nov/25 | Q71: 22.75 | R71: nov/25 | S71: 10.315 | T71: nov/25 | U71: 4.18 | V71: dez/25 | W71: 277.6 | X71: out/25 | Y71: 0.5144 | Z71: out/25 | AA71: 387.89 | AB71: 117.81 | AL71: 9.14 | AM71: 8.97 | AN71: 8.69 | AO71: 8.81 | AP71: 7.05 | AQ71: 148.9 | AR71: 164.45 | BH71: 1279.54 | BI71: 66.22 | BK71: 249.31 | BL71: 213.18 | BM71: 222.1 | BN71: 200.71 | BO71: 126.61 | BQ71: 120.69 | BR71: 105.62 | BX71: 43.5 | BY71: 52 | BZ71: 39 | CA71: 43.6 | CD71: 48.11 | CE71: 56.83 | CI71: 7669 | CJ71: dez/25
A72: 45904 | B72: 1395.14 | C72: 2907.03 | D72: 7.17 | E72: 9.45 | F72: 2292.66 | G72: 1402.21 | H72: 460 | I72: dez/25 | J72: 140993.25 | K72: 5479.5 | L72: out/25 | M72: 319.5 | N72: out/25 | O72: 68.67 | P72: nov/25 | Q72: 22.77 | R72: nov/25 | S72: 10.33 | T72: nov/25 | U72: 4.1975 | V72: dez/25 | W72: 280.1 | X72: out/25 | Y72: 0.5151 | Z72: out/25 | AA72: 382.88 | AB72: 117.33 | AC72: 312.81 | AD72: 317.46 | AE72: 299.79 | AF72: 291.02 | AG72: 297.64 | AH72: 290.2 | AI72: 307.05 | AJ72: 284.08 | AK72: 286.25 | AL72: 9.14 | AM72: 8.97 | AN72: 8.69 | AO72: 8.81 | AP72: 7.18 | AQ72: 148.32 | AR72: 164.44 | BH72: 1275.89 | BI72: 66.09 | BK72: 248.53 | BL72: 212.46 | BM72: 222.69 | BN72: 200.01 | BO72: 127.2 | BQ72: 121.65 | BR72: 105.62 | BX72: 43.5 | BY72: 52 | BZ72: 39 | CA72: 43.6 | CD72: 47.88 | CE72: 57.42 | CI72: 7399 | CJ72: dez/25
A73: 45905 | B73: 1396.16 | C73: 2915.31 | D73: 7.17 | E73: 9.45 | F73: 2277.03 | G73: 1358.45 | H73: 461 | I73: dez/25 | J73: 142640.14 | K73: 5448.5 | L73: out/25 | M73: 320.25 | N73: out/25 | O73: 68.08 | P73: nov/25 | Q73: 22.63 | R73: nov/25 | S73: 10.27 | T73: nov/25 | U73: 4.18 | V73: dez/25 | W73: 280.5 | X73: out/25 | Y73: 0.5081 | Z73: out/25 | AA73: 378.44 | AB73: 119.65 | AC73: 311.88 | AD73: 316.45 | AE73: 299.96 | AF73: 290.98 | AG73: 297.11 | AH73: 289.11 | AI73: 306.29 | AJ73: 283.95 | AK73: 286.64 | AL73: 9.14 | AM73: 8.97 | AN73: 8.69 | AO73: 8.8 | AP73: 7.18 | AQ73: 148.32 | AR73: 164.93 | BC73: 7.87 | BD73: 8.24 | BE73: 8.42 | BF73: 7.16 | BG73: 8.03 | BH73: 1275.89 | BI73: 66.28 | BK73: 249.58 | BL73: 214.58 | BM73: 222.03 | BN73: 198.71 | BO73: 129.95 | BQ73: 122.68 | BR73: 105.62 | BS73: 2.7831 | BT73: 3.1838 | BU73: 491.72 | BV73: 403.58 | BW73: 440.69 | BX73: 43.5 | BY73: 52 | BZ73: 39 | CA73: 43.6 | CD73: 47.88 | CE73: 57.74 | CI73: 7471 | CJ73: dez/25
A74: 45908 | B74: 1398.73 | C74: 2917.6 | D74: 7.33 | E74: 9.44 | F74: 2300.17 | G74: 1356.95 | H74: 472 | I74: dez/25 | J74: 141791.58 | K74: 5449 | L74: out/25 | M74: 319.15 | N74: out/25 | O74: 68.25 | P74: nov/25 | Q74: 22.81 | R74: nov/25 | S74: 10.3375 | T74: nov/25 | U74: 4.2175 | V74: dez/25 | W74: 281.9 | X74: out/25 | Y74: 0.5098 | Z74: out/25 | AA74: 374.35 | AB74: 118.84 | AC74: 312.54 | AD74: 316.55 | AE74: 299.96 | AF74: 292.29 | AG74: 296.76 | AH74: 288.9 | AI74: 302.02 | AJ74: 283.28 | AK74: 286.66 | AL74: 9.14 | AM74: 9.04 | AN74: 8.72 | AO74: 8.78 | AP74: 7.34 | AQ74: 148.32 | AR74: 164.43 | BH74: 1274.06 | BI74: 66.19 | BK74: 252.12 | BL74: 214.16 | BM74: 223.26 | BN74: 198.86 | BO74: 132.45 | BQ74: 122.62 | BR74: 105.62 | BX74: 44 | BY74: 52 | BZ74: 39 | CA74: 43.6 | CD74: 48.83 | CE74: 58.17 | CI74: 7235 | CJ74: dez/25
A75: 45909 | B75: 1387.86 | C75: 2911.87 | D75: 7.4 | E75: 9.42 | F75: 2318.81 | G75: 1361.12 | H75: 465.25 | I75: dez/25 | J75: 141618.29 | K75: 5461.5 | L75: out/25 | M75: 313.5 | N75: out/25 | O75: 68.23 | P75: nov/25 | Q75: 22.71 | R75: nov/25 | S75: 10.3125 | T75: nov/25 | U75: 4.1975 | V75: dez/25 | W75: 287.7 | X75: out/25 | Y75: 0.4993 | Z75: out/25 | AA75: 369.27 | AB75: 119.52 | AL75: 9.14 | AM75: 9.05 | AN75: 8.72 | AO75: 8.78 | AP75: 7.41 | AQ75: 148.32 | AR75: 165.05 | BH75: 1270.79 | BI75: 66.03 | BK75: 252.06 | BL75: 219.66 | BM75: 227.77 | BN75: 200.58 | BO75: 134.78 | BQ75: 122.6 | BR75: 108.12 | BX75: 44 | BY75: 52 | BZ75: 39 | CA75: 43.6 | CD75: 48.77 | CE75: 57.97 | CI75: 7395 | CJ75: dez/25
A76: 45910 | B76: 1382.53 | C76: 2903.39 | D76: 7.5 | E76: 9.42 | F76: 2333.43 | G76: 1385.55 | H76: 470 | I76: dez/25 | J76: 142348.7 | K76: 5429 | L76: out/25 | M76: 314.15 | N76: out/25 | O76: 68.06 | P76: nov/25 | Q76: 22.61 | R76: nov/25 | S76: 10.2525 | T76: nov/25 | U76: 4.17 | V76: dez/25 | W76: 283.5 | X76: out/25 | Y76: 0.5047 | Z76: out/25 | AA76: 372.31 | AB76: 119.39 | AC76: 311.19 | AD76: 316.93 | AE76: 299.26 | AF76: 290.74 | AG76: 296.51 | AH76: 288.75 | AI76: 301.12 | AJ76: 283.69 | AK76: 286.5 | AL76: 9.13 | AM76: 9.06 | AN76: 8.72 | AO76: 8.78 | AP76: 7.51 | AQ76: 148.32 | AR76: 165.05 | BH76: 1269.72 | BI76: 65.19 | BK76: 252.37 | BL76: 217.16 | BM76: 229.12 | BN76: 197.37 | BO76: 135.6 | BQ76: 124.17 | BR76: 108.12 | BX76: 44 | BY76: 52 | BZ76: 39 | CA76: 43.6 | CD76: 48.88 | CE76: 59.39 | CI76: 7468 | CJ76: dez/25
A77: 45911 | B77: 1387.67 | C77: 2894.33 | D77: 7.5 | E77: 9.43 | F77: 2325.54 | G77: 1392.94 | H77: 472.5 | I77: dez/25 | J77: 143150.84 | K77: 5416.5 | L77: out/25 | M77: 311.9 | N77: out/25 | O77: 67.91 | P77: nov/25 | Q77: 22.83 | R77: nov/25 | S77: 10.335 | T77: nov/25 | U77: 4.1975 | V77: dez/25 | W77: 286.1 | X77: out/25 | Y77: 0.5108 | Z77: out/25 | AA77: 370.7 | AB77: 118.96 | AC77: 311.37 | AD77: 317.13 | AE77: 299.33 | AF77: 288.15 | AG77: 295.78 | AH77: 287.42 | AI77: 300.22 | AJ77: 282.89 | AK77: 286.51 | AL77: 9.14 | AM77: 9.07 | AN77: 8.73 | AO77: 8.81 | AP77: 7.51 | AQ77: 148.4 | AR77: 164.62 | BH77: 1269.72 | BI77: 64.36 | BK77: 260.17 | BL77: 222.49 | BM77: 231.72 | BN77: 198.9 | BO77: 134.45 | BQ77: 124.27 | BR77: 108.12 | BX77: 44 | BY77: 52 | BZ77: 39 | CA77: 43.6 | CD77: 48.88 | CE77: 58.7 | CI77: 7528 | CJ77: dez/25
A78: 45912 | B78: 1382 | C78: 2891.19 | D78: 7.5 | E78: 9.41 | F78: 2345.68 | G78: 1421.24 | H78: 484.9 | I78: dez/25 | J78: 142271.58 | K78: 5370.5 | L78: out/25 | M78: 311.2 | N78: out/25 | O78: 68.2 | P78: nov/25 | Q78: 23.06 | R78: nov/25 | S78: 10.4625 | T78: nov/25 | U78: 4.3 | V78: dez/25 | W78: 287.6 | X78: out/25 | Y78: 0.5167 | Z78: out/25 | AA78: 365.9 | AB78: 117.23 | AC78: 310.9 | AD78: 317.47 | AE78: 299 | AF78: 288.39 | AG78: 293.61 | AH78: 288.63 | AI78: 301.36 | AJ78: 282.49 | AK78: 286.3 | AL78: 9.07 | AM78: 9.07 | AN78: 8.72 | AO78: 8.81 | AP78: 7.51 | AQ78: 148.4 | AR78: 163.9 | BC78: 7.87 | BD78: 8.26 | BE78: 8.48 | BF78: 7.25 | BG78: 8.03 | BH78: 1267.68 | BI78: 64.36 | BK78: 260.39 | BL78: 225.15 | BM78: 234.93 | BN78: 202.59 | BO78: 134.74 | BQ78: 127.61 | BR78: 108.12 | BS78: 2.7813 | BT78: 3.2746 | BU78: 519.73 | BV78: 422.51 | BW78: 456.54 | BX78: 44 | BY78: 52 | BZ78: 39 | CA78: 43.6 | CD78: 48.88 | CE78: 58.66 | CI78: 7420 | CJ78: dez/25
A79: 45915 | B79: 1383.7 | C79: 2910.44 | D79: 7.73 | E79: 9.35 | F79: 2376.04 | G79: 1477.18 | H79: 504.75 | I79: dez/25 | J79: 143546.58 | K79: 5337.5 | L79: out/25 | M79: 310.05 | N79: out/25 | O79: 67.36 | P79: nov/25 | Q79: 22.97 | R79: nov/25 | S79: 10.4275 | T79: nov/25 | U79: 4.2325 | V79: dez/25 | W79: 285.2 | X79: out/25 | Y79: 0.5176 | Z79: out/25 | AA79: 367.03 | AB79: 117.77 | AC79: 309.61 | AD79: 317.11 | AE79: 297 | AF79: 292.15 | AG79: 292.14 | AH79: 286.87 | AI79: 300.56 | AJ79: 281.22 | AK79: 286.3 | AL79: 9.01 | AM79: 8.98 | AN79: 8.65 | AO79: 8.77 | AP79: 7.76 | AQ79: 148.4 | AR79: 164.17 | BH79: 1267.31 | BI79: 64.45 | BK79: 260.77 | BL79: 236.55 | BM79: 237.09 | BN79: 206.6 | BO79: 134.26 | BQ79: 128.15 | BR79: 108.12 | BX79: 44 | BY79: 52 | BZ79: 39 | CA79: 43.6 | CD79: 49.32 | CE79: 59.05 | CI79: 7644 | CJ79: dez/25
A80: 45916 | B80: 1371.39 | C80: 2934.96 | D80: 7.96 | E80: 9.29 | F80: 2358.64 | G80: 1476.22 | H80: 488 | I80: dez/25 | J80: 144061.74 | K80: 5314 | L80: out/25 | M80: 306.55 | N80: out/25 | O80: 67.47 | P80: nov/25 | Q80: 23.15 | R80: nov/25 | S80: 10.4975 | T80: nov/25 | U80: 4.295 | V80: dez/25 | W80: 285.8 | X80: out/25 | Y80: 0.5269 | Z80: out/25 | AA80: 365.21 | AB80: 117.99 | AC80: 304.15 | AD80: 316.54 | AE80: 295.53 | AF80: 292.03 | AG80: 290.96 | AH80: 286.82 | AI80: 299.77 | AJ80: 281.73 | AK80: 286.15 | AL80: 8.84 | AM80: 8.93 | AN80: 8.61 | AO80: 8.68 | AP80: 7.98 | AQ80: 148.12 | AR80: 164.17 | BH80: 1269.45 | BI80: 62.94 | BK80: 269.73 | BL80: 239.93 | BM80: 240.85 | BN80: 209.11 | BO80: 144.09 | BQ80: 129.85 | BX80: 44 | BY80: 52 | BZ80: 39 | CA80: 43.6 | CD80: 49.32 | CE80: 59.35 | CI80: 7371 | CJ80: dez/25
A81: 45917 | B81: 1358.62 | C81: 2943.4 | D81: 7.96 | E81: 9.29 | F81: 2237.29 | G81: 1408.43 | H81: 458.5 | I81: dez/25 | J81: 145593.63 | K81: 5325.5 | L81: out/25 | M81: 306.9 | N81: out/25 | O81: 67.25 | P81: nov/25 | Q81: 23.03 | R81: nov/25 | S81: 10.4375 | T81: nov/25 | U81: 4.2675 | V81: dez/25 | W81: 283.9 | X81: out/25 | Y81: 0.5124 | Z81: out/25 | AA81: 364.73 | AB81: 119.37 | AC81: 305.8 | AD81: 316.53 | AE81: 295.47 | AF81: 291.51 | AG81: 289.85 | AH81: 286.99 | AI81: 296.39 | AJ81: 280.91 | AK81: 287.17 | AL81: 8.85 | AM81: 8.92 | AN81: 8.58 | AO81: 8.59 | AP81: 7.98 | AQ81: 148.12 | AR81: 164.17 | BH81: 1260.88 | BI81: 62.57 | BK81: 272.94 | BL81: 240.6 | BM81: 248.02 | BN81: 211.99 | BO81: 145.96 | BQ81: 131.52 | BX81: 43 | BY81: 52 | BZ81: 39 | CA81: 43.6 | CD81: 49.76 | CE81: 57.96 | CI81: 7385 | CJ81: dez/25
A82: 45918 | B82: 1339.47 | C82: 2954.79 | D82: 7.96 | E82: 9.29 | F82: 2215.26 | G82: 1389.44 | H82: 456.15 | I82: dez/25 | J82: 145499.49 | K82: 5320 | L82: out/25 | M82: 308 | N82: out/25 | O82: 67.25 | P82: nov/25 | Q82: 22.87 | R82: nov/25 | S82: 10.375 | T82: nov/25 | U82: 4.2375 | V82: dez/25 | W82: 283 | X82: out/25 | Y82: 0.5057 | Z82: out/25 | AA82: 363.35 | AB82: 119.33 | AC82: 305.09 | AD82: 316.74 | AE82: 294.3 | AF82: 291.12 | AG82: 289.2 | AH82: 286.91 | AI82: 295.89 | AJ82: 278.52 | AK82: 287.16 | AL82: 8.75 | AM82: 8.9 | AN82: 8.58 | AO82: 8.51 | AP82: 7.98 | AQ82: 148.13 | AR82: 163.54 | BH82: 1260.31 | BI82: 62.23 | BK82: 277.44 | BL82: 238.99 | BM82: 251.49 | BN82: 213.32 | BO82: 148.53 | BQ82: 132.53 | BX82: 43 | BY82: 52 | BZ82: 39 | CA82: 43.6 | CD82: 49.79 | CE82: 58.22 | CI82: 7233 | CJ82: dez/25
A83: 45919 | B83: 1296.89 | C83: 2950.21 | D83: 7.96 | E83: 9.19 | F83: 2147.29 | G83: 1288.48 | H83: 437 | I83: dez/25 | J83: 145865.11 | K83: 5347 | L83: out/25 | M83: 310.15 | N83: out/25 | O83: 67.35 | P83: nov/25 | Q83: 22.62 | R83: nov/25 | S83: 10.255 | T83: nov/25 | U83: 4.24 | V83: dez/25 | W83: 282.9 | X83: out/25 | Y83: 0.5003 | Z83: out/25 | AA83: 366.4 | AB83: 120.45 | AL83: 8.57 | AM83: 8.8 | AN83: 8.57 | AO83: 8.48 | AP83: 7.98 | AQ83: 144.35 | AR83: 158.08 | BC83: 7.89 | BD83: 8.33 | BE83: 8.5 | BF83: 7.37 | BG83: 8.04 | BH83: 1256.83 | BI83: 61.89 | BK83: 277.22 | BL83: 241.68 | BM83: 254.04 | BN83: 214.18 | BO83: 149.38 | BQ83: 134.35 | BS83: 2.7471 | BT83: 3.2155 | BU83: 567.41 | BV83: 477.99 | BW83: 478.6 | BX83: 43 | BY83: 52 | BZ83: 39 | CA83: 43.6 | CD83: 49.79 | CE83: 58.22 | CI83: 7243 | CJ83: dez/25
A84: 45922 | B84: 1284.76 | C84: 2963.22 | D84: 7.97 | E84: 9.07 | F84: 2133.08 | G84: 1313.22 | J84: 145109.25 | K84: 5344.5 | L84: out/25 | M84: 308.6 | N84: out/25 | O84: 66.56 | P84: nov/25 | Q84: 22.32 | R84: nov/25 | S84: 10.11 | T84: nov/25 | U84: 4.2175 | V84: dez/25 | W84: 278.9 | X84: out/25 | Y84: 0.4917 | Z84: out/25 | AA84: 367.73 | AB84: 119.7 | AC84: 303.37 | AD84: 316.53 | AE84: 292.7 | AF84: 287.9 | AG84: 290.33 | AH84: 286.52 | AI84: 296.27 | AJ84: 277.09 | AK84: 286.66 | AL84: 8.43 | AM84: 8.71 | AN84: 8.51 | AO84: 8.41 | AP84: 7.99 | AQ84: 144.09 | AR84: 158.4 | BH84: 1251.62 | BI84: 61.9 | BK84: 279.52 | BL84: 240.24 | BM84: 254.96 | BN84: 214.26 | BO84: 161.62 | BQ84: 142.06 | BX84: 43 | BY84: 52 | BZ84: 39 | CA84: 43.6 | CD84: 50.53 | CE84: 58.22 | CI84: 6959 | CJ84: dez/25
A85: 45923 | B85: 1275.84 | C85: 2970.59 | D85: 7.97 | E85: 9.06 | F85: 2055.69 | G85: 1278.86 | J85: 146424.94 | K85: 5286 | L85: out/25 | M85: 306.9 | N85: out/25 | O85: 66.4 | P85: nov/25 | Q85: 22.32 | R85: nov/25 | S85: 10.12 | T85: nov/25 | U85: 4.2625 | V85: dez/25 | W85: 275.1 | X85: out/25 | Y85: 0.4935 | Z85: out/25 | AA85: 365.78 | AB85: 119.79 | AC85: 302.34 | AD85: 315.18 | AE85: 293.02 | AF85: 286.39 | AG85: 288.99 | AH85: 284.12 | AI85: 295.05 | AJ85: 277.36 | AK85: 286.91 | AL85: 8.43 | AM85: 8.68 | AN85: 8.5 | AO85: 8.39 | AP85: 8 | AQ85: 144.15 | AR85: 158.56 | BH85: 1241.72 | BI85: 61.28 | BK85: 280.43 | BL85: 242.14 | BM85: 256.28 | BN85: 215.38 | BO85: 164.7 | BQ85: 144.25 | BR85: 142.5 | BX85: 43 | BY85: 52 | BZ85: 39 | CA85: 43.2 | CD85: 50.48 | CE85: 56.88 | CI85: 6992 | CJ85: dez/25
A86: 45924 | B86: 1269.4 | C86: 2960.97 | D86: 7.99 | E86: 9.02 | F86: 2075.25 | G86: 1303.92 | J86: 146491.75 | K86: 5311.5 | L86: out/25 | M86: 308.5 | N86: out/25 | O86: 66.18 | P86: nov/25 | Q86: 22.23 | R86: nov/25 | S86: 10.09 | T86: nov/25 | U86: 4.2425 | V86: dez/25 | W86: 271.7 | X86: out/25 | Y86: 0.4929 | Z86: out/25 | AA86: 365.63 | AB86: 118.7 | AL86: 8.44 | AM86: 8.68 | AN86: 8.45 | AO86: 8.36 | AP86: 8.15 | AQ86: 139.28 | AR86: 154.12 | BH86: 1238.19 | BI86: 60.85 | BK86: 280.55 | BL86: 245.57 | BM86: 258.22 | BN86: 221.94 | BO86: 164.36 | BQ86: 150.09 | BX86: 43 | BY86: 52 | BZ86: 39 | CA86: 43.2 | CD86: 50 | CE86: 57.86 | CI86: 7048 | CJ86: dez/25
A87: 45925 | B87: 1278.03 | C87: 2952.19 | D87: 7.99 | E87: 9.02 | F87: 2121.88 | G87: 1288.92 | J87: 145306.23 | K87: 5369 | L87: out/25 | M87: 307.65 | N87: out/25 | O87: 66.46 | P87: nov/25 | Q87: 22.34 | R87: nov/25 | S87: 10.1225 | T87: nov/25 | U87: 4.2575 | V87: dez/25 | W87: 268.6 | X87: out/25 | Y87: 0.4974 | Z87: out/25 | AA87: 363.77 | AB87: 118.44 | AC87: 303.36 | AD87: 315.27 | AE87: 291.81 | AF87: 287.41 | AG87: 288.45 | AH87: 287.09 | AI87: 293.44 | AJ87: 277.21 | AK87: 285.95 | AL87: 8.44 | AM87: 8.6 | AN87: 8.43 | AO87: 8.27 | AP87: 8.15 | AQ87: 138.6 | AR87: 154.1 | BH87: 1229.21 | BI87: 60.94 | BK87: 279.54 | BL87: 245.62 | BM87: 257.8 | BN87: 223.38 | BO87: 163.82 | BQ87: 150.86 | BX87: 43 | BY87: 52 | BZ87: 39 | CA87: 43.2 | CD87: 50 | CE87: 59.46 | CI87: 6925 | CJ87: dez/25
A88: 45926 | B88: 1283.03 | C88: 2939.2 | D88: 7.98 | E88: 8.96 | F88: 2124.03 | G88: 1321.13 | H88: 452.3 | I88: dez/25 | J88: 145446.66 | K88: 5353 | L88: out/25 | M88: 306.5 | N88: out/25 | O88: 66.2 | P88: nov/25 | Q88: 22.35 | R88: nov/25 | S88: 10.1375 | T88: nov/25 | U88: 4.22 | V88: dez/25 | W88: 268.8 | X88: out/25 | Y88: 0.496 | Z88: out/25 | AA88: 363.86 | AB88: 117.61 | AC88: 305.68 | AD88: 313.49 | AE88: 291.54 | AF88: 293.78 | AG88: 288.39 | AH88: 287.69 | AI88: 294.12 | AJ88: 273.6 | AK88: 286.66 | AL88: 8.4 | AM88: 8.6 | AN88: 8.42 | AO88: 8.27 | AP88: 8.14 | AQ88: 135.02 | AR88: 147.67 | BC88: 8 | BD88: 8.44 | BE88: 8.53 | BF88: 7.58 | BG88: 8.11 | BH88: 1229.21 | BI88: 60.96 | BK88: 273 | BL88: 240.18 | BM88: 257.96 | BN88: 223.21 | BO88: 163.75 | BQ88: 151.56 | BS88: 2.7416 | BT88: 3.1184 | BU88: 582.76 | BV88: 504.33 | BW88: 493.62 | BX88: 43 | BY88: 52 | BZ88: 39 | CA88: 43.2 | CD88: 50 | CE88: 59.46 | CI88: 6908 | CJ88: dez/25
A89: 45929 | B89: 1284.38 | C89: 2924.09 | D89: 7.99 | E89: 8.93 | F89: 2134.16 | G89: 1313.84 | H89: 449.15 | I89: dez/25 | J89: 146336.8 | K89: 5327 | L89: out/25 | M89: 307.4 | N89: out/25 | O89: 66.11 | P89: nov/25 | Q89: 22.26 | R89: nov/25 | S89: 10.105 | T89: nov/25 | U89: 4.215 | V89: dez/25 | W89: 268.1 | X89: out/25 | Y89: 0.4911 | Z89: out/25 | AA89: 363.91 | AB89: 117.2 | AC89: 304.19 | AD89: 311.94 | AE89: 291.36 | AF89: 292.78 | AG89: 288.15 | AH89: 286.25 | AI89: 295.5 | AJ89: 274.89 | AK89: 286.66 | AL89: 8.35 | AM89: 8.58 | AN89: 8.4 | AO89: 8.27 | AP89: 8.14 | AQ89: 134.84 | AR89: 147.74 | BH89: 1227.33 | BI89: 61.02 | BK89: 278.63 | BL89: 243.49 | BM89: 257.81 | BN89: 223.19 | BO89: 163.19 | BQ89: 150.56 | BR89: 137.75 | BX89: 43 | BY89: 52 | BZ89: 39 | CA89: 43.2 | CD89: 49.78 | CE89: 59.72 | CI89: 6998 | CJ89: dez/25
A90: 45930 | B90: 1260.87 | C90: 2927.27 | D90: 7.99 | E90: 8.91 | F90: 2127.5 | G90: 1342.46 | H90: 450.4 | I90: dez/25 | J90: 146237.02 | K90: 5319 | L90: out/25 | M90: 305.5 | N90: out/25 | O90: 65.28 | P90: nov/25 | S90: 10.0175 | T90: nov/25 | U90: 4.155 | V90: dez/25 | W90: 265.7 | X90: out/25 | Y90: 0.4887 | Z90: out/25 | AA90: 365.52 | AB90: 117.33 | AC90: 304.22 | AD90: 311.98 | AE90: 291.59 | AF90: 291.98 | AG90: 289.68 | AH90: 287.11 | AI90: 296.77 | AJ90: 276.77 | AK90: 284.99 | AL90: 8.25 | AM90: 8.58 | AN90: 8.4 | AO90: 8.25 | AP90: 8.15 | AQ90: 134.2 | AR90: 148.19 | BH90: 1225.86 | BI90: 60.03 | BK90: 278.76 | BL90: 240.91 | BM90: 256.16 | BN90: 222.57 | BO90: 161.77 | BQ90: 148.4 | BR90: 137.75 | BX90: 43 | BY90: 52 | BZ90: 40.5 | CA90: 43.2 | CD90: 49.77 | CE90: 60.88 | CI90: 6749 | CJ90: dez/25
A91: 45931 | B91: 1272.97 | C91: 2920.04 | D91: 7.99 | E91: 8.88 | F91: 2163.99 | G91: 1353.43 | H91: 461.35 | I91: dez/25 | J91: 145517.35 | K91: 5361.5 | L91: nov/25 | M91: 317.05 | N91: nov/25 | O91: 65.56 | P91: nov/25 | S91: 10.13 | T91: nov/25 | U91: 4.165 | V91: dez/25 | W91: 273.6 | X91: dez/25 | Y91: 0.5042 | Z91: dez/25 | AA91: 361.99 | AB91: 115.64 | AC91: 305.19 | AD91: 313.13 | AE91: 290.99 | AF91: 291.96 | AG91: 289.35 | AH91: 291 | AI91: 295.84 | AJ91: 279.11 | AK91: 285.17 | AL91: 8.24 | AM91: 8.54 | AN91: 8.4 | AO91: 8.23 | AP91: 8.15 | AQ91: 133.69 | AR91: 148.19 | AS91: 2.3 | AT91: 2.39 | AU91: 2.21 | AV91: 2.42 | AW91: 2.29 | AX91: 2.2 | AY91: 2.22 | AZ91: 2.37 | BA91: 2.45 | BB91: 2.24 | BH91: 1216.57 | BI91: 59.92 | BK91: 278.73 | BL91: 244.99 | BM91: 255.72 | BN91: 218.08 | BO91: 161.74 | BQ91: 147.93 | BR91: 137.73 | BX91: 42 | BY91: 52 | BZ91: 40 | CA91: 43.2 | CD91: 50.23 | CE91: 60.27 | CI91: 6675 | CJ91: dez/25
A92: 45932 | B92: 1240.89 | C92: 2907.86 | D92: 8.06 | E92: 8.88 | F92: 2147.82 | G92: 1344.89 | H92: 455 | I92: dez/25 | J92: 143949.64 | K92: 5379 | L92: nov/25 | M92: 319.6 | N92: nov/25 | O92: 65.68 | P92: nov/25 | S92: 10.2375 | T92: nov/25 | U92: 4.2175 | V92: dez/25 | W92: 279.3 | X92: dez/25 | Y92: 0.5044 | Z92: dez/25 | AA92: 359.96 | AB92: 117.61 | AL92: 8.24 | AM92: 8.53 | AN92: 8.4 | AO92: 8.24 | AP92: 8.08 | AQ92: 133.32 | AR92: 148.18 | BH92: 1214.43 | BI92: 59.76 | BK92: 277.72 | BL92: 240.9 | BM92: 253.65 | BN92: 218.33 | BO92: 159.07 | BQ92: 147.5 | BR92: 138.11 | BX92: 42 | BY92: 52 | BZ92: 40 | CA92: 43.2 | CD92: 50.23 | CE92: 59.49 | CI92: 6481 | CJ92: dez/25
A93: 45933 | B93: 1234.79 | C93: 2912.64 | D93: 8.07 | E93: 8.88 | F93: 2184.71 | G93: 1389.41 | H93: 466.75 | I93: dez/25 | J93: 144200.65 | K93: 5376 | L93: nov/25 | M93: 323.8 | N93: nov/25 | O93: 66 | P93: nov/25 | Q93: 22.41 | R93: nov/25 | S93: 10.18 | T93: nov/25 | U93: 4.19 | V93: dez/25 | W93: 278.6 | X93: dez/25 | Y93: 0.5005 | Z93: dez/25 | AA93: 358.98 | AB93: 116.46 | AC93: 306.53 | AD93: 313.58 | AE93: 290.79 | AF93: 290.34 | AG93: 288.88 | AH93: 284.39 | AI93: 296.82 | AJ93: 276.94 | AK93: 286.46 | AL93: 8.25 | AM93: 8.53 | AN93: 8.39 | AO93: 8.24 | AP93: 8.09 | AQ93: 144.19 | AR93: 158.59 | BC93: 8.18 | BD93: 8.54 | BE93: 8.7 | BF93: 7.82 | BG93: 8.22 | BH93: 1197.9 | BI93: 59.68 | BK93: 276.11 | BL93: 227.86 | BM93: 252.08 | BN93: 217.86 | BO93: 153.7 | BQ93: 146.14 | BR93: 138.11 | BS93: 2.7264 | BT93: 3.1238 | BU93: 585.21 | BV93: 514.04 | BW93: 512.05 | BX93: 42 | BY93: 52 | BZ93: 40 | CA93: 43.2 | CD93: 50.23 | CE93: 59.25 | CI93: 6190 | CJ93: dez/25
A94: 45936 | B94: 1230.04 | C94: 2911.79 | D94: 8.09 | E94: 8.79 | F94: 2169.21 | G94: 1393.91 | H94: 454.25 | I94: dez/25 | J94: 143608.08 | K94: 5345 | L94: nov/25 | M94: 321.5 | N94: nov/25 | O94: 66.38 | P94: nov/25 | Q94: 22.42 | R94: nov/25 | S94: 10.1775 | T94: nov/25 | U94: 4.2175 | V94: dez/25 | W94: 277.1 | X94: dez/25 | Y94: 0.5038 | Z94: dez/25 | AA94: 359.79 | AB94: 117.56 | AC94: 307.73 | AD94: 313.28 | AE94: 292.76 | AF94: 289.59 | AG94: 288.2 | AH94: 283.76 | AI94: 294.63 | AJ94: 275.51 | AK94: 286.05 | AL94: 8.23 | AM94: 8.47 | AN94: 8.37 | AO94: 8.24 | AP94: 8.11 | AQ94: 144.1 | AR94: 158.54 | BH94: 1199.29 | BI94: 59.73 | BK94: 276.08 | BL94: 228.1 | BM94: 252.08 | BN94: 219.58 | BO94: 154.33 | BQ94: 146.61 | BR94: 136.24 | BX94: 42 | BY94: 52 | BZ94: 40 | CA94: 43.2 | CB94: 42.4 | CC94: 40 | CD94: 50.71 | CE94: 60.17 | CI94: 6283 | CJ94: dez/25
A95: 45937 | B95: 1226.51 | C95: 2917.64 | D95: 8.11 | E95: 8.81 | F95: 2176.74 | G95: 1387.19 | H95: 449.5 | I95: dez/25 | J95: 141356.43 | K95: 5389 | L95: nov/25 | M95: 323.3 | N95: nov/25 | O95: 66.35 | P95: nov/25 | Q95: 22.51 | R95: nov/25 | S95: 10.22 | T95: nov/25 | U95: 4.1975 | V95: dez/25 | W95: 276.9 | X95: dez/25 | Y95: 0.5104 | Z95: dez/25 | AA95: 354.93 | AB95: 117.99 | AC95: 308.01 | AD95: 313.99 | AE95: 295.75 | AF95: 291.17 | AG95: 291.47 | AH95: 288.11 | AI95: 292.5 | AJ95: 275.53 | AK95: 285.81 | AL95: 8.23 | AM95: 8.44 | AN95: 8.38 | AO95: 8.24 | AP95: 8.13 | AQ95: 144.02 | AR95: 158.48 | BH95: 1199.29 | BI95: 59.35 | BK95: 277.74 | BL95: 226.25 | BM95: 250.41 | BN95: 216.56 | BO95: 156.33 | BP95: 166 | BQ95: 146.71 | BR95: 138.11 | BX95: 42 | BY95: 52 | BZ95: 40 | CA95: 43.2 | CB95: 42.4 | CC95: 40 | CD95: 50.71 | CE95: 60.43 | CI95: 6179 | CJ95: dez/25
A96: 45938 | B96: 1234.1 | C96: 2924.92 | D96: 8.2 | E96: 8.77 | F96: 2186.03 | G96: 1388.96 | H96: 458.5 | I96: dez/25 | J96: 142145.38 | K96: 5368 | L96: nov/25 | M96: 322.2 | N96: nov/25 | O96: 66.6 | P96: nov/25 | Q96: 22.68 | R96: nov/25 | S96: 10.295 | T96: nov/25 | U96: 4.22 | V96: dez/25 | W96: 278 | X96: dez/25 | Y96: 0.5148 | Z96: dez/25 | AA96: 353.73 | AB96: 117.21 | AC96: 307.53 | AD96: 315.12 | AE96: 295.32 | AF96: 293.07 | AG96: 290.8 | AH96: 287.92 | AI96: 293.81 | AJ96: 278.7 | AK96: 284.95 | AL96: 8.24 | AM96: 8.44 | AN96: 8.35 | AO96: 8.25 | AP96: 8.23 | AQ96: 144.02 | AR96: 158.48 | BH96: 1188.98 | BI96: 58.68 | BK96: 274.76 | BL96: 227.78 | BM96: 249.57 | BN96: 211.18 | BO96: 154.59 | BP96: 166 | BQ96: 145.72 | BR96: 137.73 | BX96: 42 | BY96: 52 | BZ96: 40 | CA96: 43.2 | CB96: 42.4 | CC96: 40 | CD96: 50.12 | CE96: 61.02 | CI96: 6000 | CJ96: dez/25
A97: 45939 | B97: 1242.83 | C97: 2946.12 | D97: 8.2 | E97: 8.77 | F97: 2182.41 | G97: 1395.41 | H97: 454 | I97: dez/25 | J97: 141708.19 | K97: 5406 | L97: nov/25 | M97: 324.3 | N97: nov/25 | O97: 67.27 | P97: nov/25 | Q97: 22.51 | R97: nov/25 | S97: 10.2225 | T97: nov/25 | U97: 4.1825 | V97: dez/25 | W97: 276.9 | X97: dez/25 | Y97: 0.5094 | Z97: dez/25 | AA97: 354.93 | AB97: 116.98 | AC97: 307.24 | AD97: 316.08 | AE97: 293.89 | AF97: 293 | AG97: 291.53 | AH97: 289.41 | AI97: 297.89 | AJ97: 279.88 | AK97: 285.52 | AL97: 8.25 | AM97: 8.44 | AN97: 8.35 | AO97: 8.27 | AP97: 8.23 | AQ97: 144.02 | AR97: 158.08 | BH97: 1186.12 | BI97: 58.62 | BK97: 274.76 | BL97: 229.07 | BM97: 247.79 | BN97: 204.72 | BO97: 155.5 | BP97: 170 | BQ97: 143.33 | BR97: 137.73 | BX97: 42 | BY97: 52 | BZ97: 40 | CA97: 43.2 | CB97: 42.4 | CC97: 40 | CD97: 50.11 | CE97: 60.52 | CI97: 5945 | CJ97: dez/25
A98: 45940 | B98: 1238.61 | C98: 2953.95 | D98: 8.19 | E98: 8.75 | F98: 2191.74 | G98: 1388.41 | H98: 448.65 | I98: dez/25 | J98: 140680.34 | K98: 5551 | L98: nov/25 | M98: 322.65 | N98: nov/25 | O98: 67.88 | P98: nov/25 | Q98: 22.2 | R98: nov/25 | S98: 10.0675 | T98: nov/25 | U98: 4.13 | V98: dez/25 | W98: 275 | X98: dez/25 | Y98: 0.4997 | Z98: dez/25 | AA98: 350.61 | AB98: 117.05 | AC98: 307.33 | AD98: 316.91 | AE98: 291.69 | AF98: 290.16 | AG98: 293.72 | AH98: 292.65 | AI98: 298.69 | AJ98: 279.77 | AK98: 285.94 | AL98: 8.25 | AM98: 8.44 | AN98: 8.36 | AO98: 8.27 | AP98: 8.21 | AQ98: 144 | AR98: 158.08 | BC98: 8.36 | BD98: 8.7 | BE98: 8.9 | BF98: 8 | BG98: 8.4 | BH98: 1160.66 | BI98: 58.77 | BK98: 270.96 | BL98: 227.54 | BM98: 247.66 | BN98: 208.67 | BO98: 160.04 | BP98: 170 | BQ98: 143.9 | BR98: 137.17 | BS98: 2.7156 | BT98: 3.1126 | BU98: 587.53 | BV98: 527.74 | BW98: 524.51 | BX98: 41 | BY98: 52 | BZ98: 40 | CA98: 43.2 | CB98: 42.4 | CC98: 40 | CD98: 50.11 | CE98: 60.65 | CI98: 5848 | CJ98: dez/25
A99: 45943 | B99: 1229.73 | C99: 2959.91 | D99: 8.2 | E99: 8.75 | F99: 2219.96 | G99: 1414.4 | H99: 459.9 | I99: dez/25 | J99: 141783.36 | K99: 5485 | L99: nov/25 | M99: 322 | N99: nov/25 | O99: 67.2 | P99: nov/25 | Q99: 22.24 | R99: nov/25 | S99: 10.0775 | T99: nov/25 | U99: 4.1075 | V99: dez/25 | W99: 274.1 | X99: dez/25 | Y99: 0.506 | Z99: dez/25 | AA99: 353.53 | AB99: 116.73 | AC99: 307.8 | AD99: 317.44 | AE99: 293.68 | AF99: 288.15 | AG99: 294.9 | AH99: 291.53 | AI99: 298.53 | AJ99: 279.69 | AK99: 286.66 | AL99: 8.25 | AM99: 8.44 | AN99: 8.36 | AO99: 8.31 | AP99: 8.22 | AQ99: 143.68 | AR99: 158.09 | BH99: 1149.79 | BI99: 58.86 | BK99: 275.38 | BL99: 227.54 | BM99: 245.97 | BN99: 209.29 | BO99: 160.04 | BP99: 170 | BQ99: 143.9 | BX99: 41 | BY99: 52 | BZ99: 40 | CA99: 43.2 | CB99: 42.4 | CC99: 40 | CD99: 50.11 | CE99: 60.74 | CI99: 5822 | CJ99: dez/25
A100: 45944 | B100: 1232.51 | C100: 2946.57 | D100: 8.19 | E100: 8.75 | F100: 2301.24 | G100: 1416.62 | H100: 479.25 | I100: dez/25 | J100: 141682.99 | K100: 5506.5 | L100: nov/25 | M100: 323.8 | N100: nov/25 | O100: 67.85 | P100: nov/25 | Q100: 22.17 | R100: nov/25 | S100: 10.065 | T100: nov/25 | U100: 4.13 | V100: dez/25 | W100: 274.3 | X100: dez/25 | Y100: 0.5057 | Z100: dez/25 | AA100: 350.48 | AB100: 115.84 | AC100: 309.14 | AD100: 317.48 | AE100: 294.13 | AF100: 288.29 | AG100: 294.08 | AH100: 294.36 | AI100: 298.65 | AJ100: 279.93 | AK100: 286.66 | AL100: 8.25 | AM100: 8.42 | AN100: 8.3 | AO100: 8.32 | AP100: 8.21 | AQ100: 143.59 | AR100: 158.13 | BH100: 1152.02 | BI100: 58.36 | BK100: 272.52 | BL100: 228.43 | BM100: 244.03 | BN100: 210.91 | BO100: 155.87 | BP100: 165.5 | BQ100: 143.73 | BR100: 137.73 | BX100: 41 | BY100: 52 | BZ100: 40 | CA100: 43.2 | CB100: 42.4 | CC100: 40 | CD100: 50.11 | CE100: 60.3 | CI100: 5899 | CJ100: dez/25
A101: 45945 | B101: 1232.09 | C101: 2937.35 | D101: 8.19 | E101: 8.75 | F101: 2314.21 | G101: 1425.51 | H101: 471.5 | I101: dez/25 | J101: 142603.66 | K101: 5474.5 | L101: nov/25 | M101: 323.55 | N101: nov/25 | O101: 67.55 | P101: nov/25 | Q101: 22.21 | R101: nov/25 | S101: 10.065 | T101: nov/25 | U101: 4.1675 | V101: dez/25 | W101: 275.9 | X101: dez/25 | Y101: 0.508 | Z101: dez/25 | AA101: 352.05 | AB101: 116.52 | AC101: 308.99 | AD101: 317.29 | AE101: 301.9 | AF101: 293.76 | AG101: 294 | AH101: 296.21 | AI101: 298.3 | AJ101: 280.2 | AK101: 285.02 | AL101: 8.24 | AM101: 8.43 | AN101: 8.32 | AO101: 8.32 | AP101: 8.22 | AQ101: 143.59 | AR101: 158.13 | BH101: 1123.56 | BI101: 58.15 | BK101: 262.11 | BL101: 215.4 | BM101: 239.67 | BN101: 213 | BO101: 154.32 | BQ101: 143.36 | BR101: 137.17 | BX101: 41 | BY101: 52 | BZ101: 40 | CA101: 43.2 | CD101: 50.39 | CE101: 61.4 | CI101: 5809 | CJ101: dez/25
...
